Using pre-set license
Built from '6000.0/staging' branch; Version is '6000.0.41f1 (46e447368a18) revision 4645959'; Using compiler version '193933523'; Build Type 'Release'
OS: 'Windows 11  (10.0.26100) 64bit Core' Language: 'ru' Physical Memory: 16070 MB
BatchMode: 1, IsHumanControllingUs: 0, StartBugReporterOnCrash: 0, Is64bit: 1, IsPro: 1

COMMAND LINE ARGUMENTS:
C:\Program Files\Unity\Hub\Editor\6000.0.41f1\Editor\Unity.exe
-adb2
-batchMode
-noUpm
-name
AssetImportWorker9
-projectPath
C:/Game_Unity_Car-2/Car-2/Game_Car-2
-logFile
Logs/AssetImportWorker9.log
-srvPort
57116
-job-worker-count
7
-background-job-worker-count
8
-gc-helper-count
1
Successfully changed project path to: C:/Game_Unity_Car-2/Car-2/Game_Car-2
C:/Game_Unity_Car-2/Car-2/Game_Car-2
[UnityMemory] Configuration Parameters - Can be set up in boot.config
    "memorysetup-bucket-allocator-granularity=16"
    "memorysetup-bucket-allocator-bucket-count=8"
    "memorysetup-bucket-allocator-block-size=33554432"
    "memorysetup-bucket-allocator-block-count=8"
    "memorysetup-main-allocator-block-size=16777216"
    "memorysetup-thread-allocator-block-size=16777216"
    "memorysetup-gfx-main-allocator-block-size=16777216"
    "memorysetup-gfx-thread-allocator-block-size=16777216"
    "memorysetup-cache-allocator-block-size=4194304"
    "memorysetup-typetree-allocator-block-size=2097152"
    "memorysetup-profiler-bucket-allocator-granularity=16"
    "memorysetup-profiler-bucket-allocator-bucket-count=8"
    "memorysetup-profiler-bucket-allocator-block-size=33554432"
    "memorysetup-profiler-bucket-allocator-block-count=8"
    "memorysetup-profiler-allocator-block-size=16777216"
    "memorysetup-profiler-editor-allocator-block-size=1048576"
    "memorysetup-temp-allocator-size-main=16777216"
    "memorysetup-job-temp-allocator-block-size=2097152"
    "memorysetup-job-temp-allocator-block-size-background=1048576"
    "memorysetup-job-temp-allocator-reduction-small-platforms=262144"
    "memorysetup-allocator-temp-initial-block-size-main=262144"
    "memorysetup-allocator-temp-initial-block-size-worker=262144"
    "memorysetup-temp-allocator-size-background-worker=32768"
    "memorysetup-temp-allocator-size-job-worker=262144"
    "memorysetup-temp-allocator-size-preload-manager=33554432"
    "memorysetup-temp-allocator-size-nav-mesh-worker=65536"
    "memorysetup-temp-allocator-size-audio-worker=65536"
    "memorysetup-temp-allocator-size-cloud-worker=32768"
    "memorysetup-temp-allocator-size-gi-baking-worker=262144"
    "memorysetup-temp-allocator-size-gi-baking-worker=262144"
    "memorysetup-temp-allocator-size-gi-baking-worker=262144"
    "memorysetup-temp-allocator-size-gi-baking-worker=262144"
    "memorysetup-temp-allocator-size-gi-baking-worker=262144"
    "memorysetup-temp-allocator-size-gfx=262144"
Player connection [29292]  Target information:

Player connection [29292]  * "[IP] 192.168.1.24 [Port] 0 [Flags] 2 [Guid] 3983892553 [EditorId] 3983892553 [Version] 1048832 [Id] WindowsEditor(7,LAPTOP-TS10LTIF) [Debug] 1 [PackageName] WindowsEditor [ProjectName] Editor" 

Player connection [29292] Host joined multi-casting on [225.0.0.222:54997]...
Player connection [29292] Host joined alternative multi-casting on [225.0.0.222:34997]...
JobSystem: Creating JobQueue using job-worker-count value 7
Input System module state changed to: Initialized.
[Physics::Module] Initialized fallback backend.
[Physics::Module] Id: 0xdecafbad
Library Redirect Path: Library/
[Physics::Module] Selected backend.
[Physics::Module] Name: PhysX
[Physics::Module] Id: 0xf2b8ea05
[Physics::Module] SDK Version: 4.1.2
[Physics::Module] Integration Version: 1.0.0
[Physics::Module] Threading Mode: Multi-Threaded
Refreshing native plugins compatible for Editor in 1.77 ms, found 3 plugins.
Preloading 0 native plugins for Editor in 0.00 ms.
Initialize engine version: 6000.0.41f1 (46e447368a18)
[Subsystems] Discovering subsystems at path C:/Program Files/Unity/Hub/Editor/6000.0.41f1/Editor/Data/Resources/UnitySubsystems
[Subsystems] Discovering subsystems at path C:/Game_Unity_Car-2/Car-2/Game_Car-2/Assets
GfxDevice: creating device client; kGfxThreadingModeNonThreaded
Direct3D:
    Version:  Direct3D 11.0 [level 11.1]
    Renderer: NVIDIA GeForce RTX 4060 Laptop GPU (ID=0x28a0)
    Vendor:   NVIDIA
    VRAM:     7957 MB
    Driver:   32.0.15.6590
Initialize mono
Mono path[0] = 'C:/Program Files/Unity/Hub/Editor/6000.0.41f1/Editor/Data/Managed'
Mono path[1] = 'C:/Program Files/Unity/Hub/Editor/6000.0.41f1/Editor/Data/MonoBleedingEdge/lib/mono/unityjit-win32'
Mono config path = 'C:/Program Files/Unity/Hub/Editor/6000.0.41f1/Editor/Data/MonoBleedingEdge/etc'
Using monoOptions --debugger-agent=transport=dt_socket,embedding=1,server=y,suspend=n,address=127.0.0.1:56616
Begin MonoManager ReloadAssembly
Registering precompiled unity dll's ...
Register platform support module: C:/Program Files/Unity/Hub/Editor/6000.0.41f1/Editor/Data/PlaybackEngines/WebGLSupport/UnityEditor.WebGL.Extensions.dll
Register platform support module: C:/Program Files/Unity/Hub/Editor/6000.0.41f1/Editor/Data/PlaybackEngines/WindowsStandaloneSupport/UnityEditor.WindowsStandalone.Extensions.dll
Registered in 0.002919 seconds.
- Loaded All Assemblies, in  0.452 seconds
Native extension for WindowsStandalone target not found
Native extension for WebGL target not found
Mono: successfully reloaded assembly
- Finished resetting the current domain, in  0.334 seconds
Domain Reload Profiling: 784ms
	BeginReloadAssembly (227ms)
		ExecutionOrderSort (0ms)
		DisableScriptedObjects (0ms)
		BackupInstance (0ms)
		ReleaseScriptingObjects (0ms)
		CreateAndSetChildDomain (1ms)
	RebuildCommonClasses (29ms)
	RebuildNativeTypeToScriptingClass (9ms)
	initialDomainReloadingComplete (42ms)
	LoadAllAssembliesAndSetupDomain (142ms)
		LoadAssemblies (224ms)
		RebuildTransferFunctionScriptingTraits (0ms)
		AnalyzeDomain (140ms)
			TypeCache.Refresh (138ms)
				TypeCache.ScanAssembly (125ms)
			BuildScriptInfoCaches (0ms)
			ResolveRequiredComponents (1ms)
	FinalizeReload (334ms)
		ReleaseScriptCaches (0ms)
		RebuildScriptCaches (0ms)
		SetupLoadedEditorAssemblies (289ms)
			LogAssemblyErrors (0ms)
			InitializePlatformSupportModulesInManaged (22ms)
			SetLoadedEditorAssemblies (5ms)
			BeforeProcessingInitializeOnLoad (62ms)
			ProcessInitializeOnLoadAttributes (155ms)
			ProcessInitializeOnLoadMethodAttributes (45ms)
			AfterProcessingInitializeOnLoad (0ms)
			EditorAssembliesLoaded (0ms)
		ExecutionOrderSort2 (0ms)
		AwakeInstancesAfterBackupRestoration (0ms)
Assembly reference Packages/com.unity.cinemachine/Editor/Samples/ExposeHDRPInternals/HDRP-Editor-ref.asmref has no target assembly definition
========================================================================
Worker process is ready to serve import requests
Import Worker Mode flag is 0x00
Assembly reference Packages/com.unity.cinemachine/Editor/Samples/ExposeHDRPInternals/HDRP-Editor-ref.asmref has no target assembly definition
Assembly reference Packages/com.unity.cinemachine/Editor/Samples/ExposeHDRPInternals/HDRP-Editor-ref.asmref has no target assembly definition
Begin MonoManager ReloadAssembly
- Loaded All Assemblies, in  0.934 seconds
Assembly reference Packages/com.unity.cinemachine/Editor/Samples/ExposeHDRPInternals/HDRP-Editor-ref.asmref has no target assembly definition
'Packages/com.unity.cinemachine/Editor/Obsolete/CinemachineVirtualCameraBaseEditor.cs' contains partial class of Unity.Object, exactly 1 of the partial classes needs to be in a file with the same filename. This is to know the one that can be referenced from ie. GameObjects
'Packages/com.unity.cinemachine/Editor/Editors/CinemachineVirtualCameraBaseEditor.cs' contains partial class of Unity.Object, exactly 1 of the partial classes needs to be in a file with the same filename. This is to know the one that can be referenced from ie. GameObjects
Refreshing native plugins compatible for Editor in 1.50 ms, found 3 plugins.
Native extension for WindowsStandalone target not found
Native extension for WebGL target not found
Assembly reference Packages/com.unity.cinemachine/Editor/Samples/ExposeHDRPInternals/HDRP-Editor-ref.asmref has no target assembly definition
Package Manager log level set to [2]
[Package Manager] Failed to launch server process. Reason: Unity was launched with the -noUpm command-line argument
[Package Manager] Unable to send message (not connected to server process).
[Package Manager] Cannot connect to Unity Package Manager local server
Mono: successfully reloaded assembly
- Finished resetting the current domain, in  0.885 seconds
Domain Reload Profiling: 1814ms
	BeginReloadAssembly (149ms)
		ExecutionOrderSort (0ms)
		DisableScriptedObjects (4ms)
		BackupInstance (0ms)
		ReleaseScriptingObjects (0ms)
		CreateAndSetChildDomain (26ms)
	RebuildCommonClasses (34ms)
	RebuildNativeTypeToScriptingClass (10ms)
	initialDomainReloadingComplete (34ms)
	LoadAllAssembliesAndSetupDomain (703ms)
		LoadAssemblies (549ms)
		RebuildTransferFunctionScriptingTraits (0ms)
		AnalyzeDomain (242ms)
			TypeCache.Refresh (176ms)
				TypeCache.ScanAssembly (156ms)
			BuildScriptInfoCaches (50ms)
			ResolveRequiredComponents (12ms)
	FinalizeReload (885ms)
		ReleaseScriptCaches (0ms)
		RebuildScriptCaches (0ms)
		SetupLoadedEditorAssemblies (746ms)
			LogAssemblyErrors (0ms)
			InitializePlatformSupportModulesInManaged (3ms)
			SetLoadedEditorAssemblies (7ms)
			BeforeProcessingInitializeOnLoad (199ms)
			ProcessInitializeOnLoadAttributes (481ms)
			ProcessInitializeOnLoadMethodAttributes (51ms)
			AfterProcessingInitializeOnLoad (4ms)
			EditorAssembliesLoaded (0ms)
		ExecutionOrderSort2 (0ms)
		AwakeInstancesAfterBackupRestoration (5ms)
Launched and connected shader compiler UnityShaderCompiler.exe after 0.02 seconds
Refreshing native plugins compatible for Editor in 1.38 ms, found 3 plugins.
Preloading 0 native plugins for Editor in 0.00 ms.
Unloading 147 Unused Serialized files (Serialized files now loaded: 0)
Unloading 6453 unused Assets / (5.8 MB). Loaded Objects now: 7041.
Memory consumption went from 171.5 MB to 165.7 MB.
Total: 6.921400 ms (FindLiveObjects: 0.531300 ms CreateObjectMapping: 0.506500 ms MarkObjects: 3.642000 ms  DeleteObjects: 2.240500 ms)

========================================================================
Received Import Request.
  Time since last request: 367372.365124 seconds.
  path: Assets/AssedStore - Prefabs/PROMETEO - Car Controller/Effects/Particle Systems/Materials/Sphere_Material.mat
  artifactKey: Guid(dd3838b8223e51b488c55db2735d498e) Importer(815301076,1909f56bfc062723c751e8b465ee728b)
Start importing Assets/AssedStore - Prefabs/PROMETEO - Car Controller/Effects/Particle Systems/Materials/Sphere_Material.mat using Guid(dd3838b8223e51b488c55db2735d498e) Importer(815301076,1909f56bfc062723c751e8b465ee728b) (PreviewImporter) -> (artifact id: 'f49aebcd1cbf2da53daba06ac2909767') in 0.1499052 seconds
Number of updated asset objects reloaded before import = 0Number of asset objects unloaded after import = 2

========================================================================
Received Import Request.
  Time since last request: 0.114850 seconds.
  path: Assets/AssedStore - Prefabs/ZeroGrid/Stylize Vehicles - Complete Edition/Materials/VEH9.mat
  artifactKey: Guid(9adce0a3968b2a142978d8a08da09192) Importer(815301076,1909f56bfc062723c751e8b465ee728b)
Start importing Assets/AssedStore - Prefabs/ZeroGrid/Stylize Vehicles - Complete Edition/Materials/VEH9.mat using Guid(9adce0a3968b2a142978d8a08da09192) Importer(815301076,1909f56bfc062723c751e8b465ee728b) (PreviewImporter) -> (artifact id: '37b4171fed82c71e4f7b209bbe4ed9ff') in 0.0367114 seconds
Number of updated asset objects reloaded before import = 0Number of asset objects unloaded after import = 3

========================================================================
Received Import Request.
  Time since last request: 0.000015 seconds.
  path: Assets/AssedStore - Prefabs/ZeroGrid/Stylize Vehicles - Complete Edition/Materials/VEH11.mat
  artifactKey: Guid(8fc4d849a83e909418b5481522fb8666) Importer(815301076,1909f56bfc062723c751e8b465ee728b)
Start importing Assets/AssedStore - Prefabs/ZeroGrid/Stylize Vehicles - Complete Edition/Materials/VEH11.mat using Guid(8fc4d849a83e909418b5481522fb8666) Importer(815301076,1909f56bfc062723c751e8b465ee728b) (PreviewImporter) -> (artifact id: '036ae1920c95670ddbbcc29598b99d16') in 0.0220513 seconds
Number of updated asset objects reloaded before import = 0Number of asset objects unloaded after import = 3

========================================================================
Received Import Request.
  Time since last request: 0.070549 seconds.
  path: Assets/AssedStore - Prefabs/ZeroGrid/Stylize Vehicles - Complete Edition/Materials/VEH17.mat
  artifactKey: Guid(0720948133a531a44b1848baae29551e) Importer(815301076,1909f56bfc062723c751e8b465ee728b)
Start importing Assets/AssedStore - Prefabs/ZeroGrid/Stylize Vehicles - Complete Edition/Materials/VEH17.mat using Guid(0720948133a531a44b1848baae29551e) Importer(815301076,1909f56bfc062723c751e8b465ee728b) (PreviewImporter) -> (artifact id: 'f44f18f63448b0fd8bdc52d41461b59d') in 0.0222471 seconds
Number of updated asset objects reloaded before import = 0Number of asset objects unloaded after import = 3

========================================================================
Received Import Request.
  Time since last request: 0.000022 seconds.
  path: Assets/AssedStore - Prefabs/ZeroGrid/Stylize Vehicles - Complete Edition/Materials/VEH22.mat
  artifactKey: Guid(44c079fabcb011648a49dae7b94e311f) Importer(815301076,1909f56bfc062723c751e8b465ee728b)
Start importing Assets/AssedStore - Prefabs/ZeroGrid/Stylize Vehicles - Complete Edition/Materials/VEH22.mat using Guid(44c079fabcb011648a49dae7b94e311f) Importer(815301076,1909f56bfc062723c751e8b465ee728b) (PreviewImporter) -> (artifact id: '4acae5950f6e54d55ab9a8e0f890881f') in 0.0328479 seconds
Number of updated asset objects reloaded before import = 0Number of asset objects unloaded after import = 3

========================================================================
Received Import Request.
  Time since last request: 0.179979 seconds.
  path: Assets/AssedStore - Prefabs/ZeroGrid/Stylize Vehicles - Complete Edition/Materials/VEH25.mat
  artifactKey: Guid(50ce2f0ffa725b848aabc12e13d49158) Importer(815301076,1909f56bfc062723c751e8b465ee728b)
Start importing Assets/AssedStore - Prefabs/ZeroGrid/Stylize Vehicles - Complete Edition/Materials/VEH25.mat using Guid(50ce2f0ffa725b848aabc12e13d49158) Importer(815301076,1909f56bfc062723c751e8b465ee728b) (PreviewImporter) -> (artifact id: '57ca0f6b74ed6d10f554760760238b20') in 0.0352318 seconds
Number of updated asset objects reloaded before import = 0Number of asset objects unloaded after import = 3

========================================================================
Received Import Request.
  Time since last request: 12.392385 seconds.
  path: Assets/AssedStore - Prefabs/Modular Tracks - Racing Tracks/Materials/mat_corner_signage_night_medium_1.mat
  artifactKey: Guid(1c3f24778b49bd54297110e334c0f87b) Importer(815301076,1909f56bfc062723c751e8b465ee728b)
Start importing Assets/AssedStore - Prefabs/Modular Tracks - Racing Tracks/Materials/mat_corner_signage_night_medium_1.mat using Guid(1c3f24778b49bd54297110e334c0f87b) Importer(815301076,1909f56bfc062723c751e8b465ee728b) (PreviewImporter) -> (artifact id: '064f22520c3525d1691425c788cb0fb3') in 0.0891192 seconds
Number of updated asset objects reloaded before import = 0Number of asset objects unloaded after import = 4

========================================================================
Received Import Request.
  Time since last request: 0.000019 seconds.
  path: Assets/AssedStore - Prefabs/Modular Tracks - Racing Tracks/Materials/mat_framework_atlas_2.mat
  artifactKey: Guid(949dd25bc02cf2d44991623770eb54d8) Importer(815301076,1909f56bfc062723c751e8b465ee728b)
Start importing Assets/AssedStore - Prefabs/Modular Tracks - Racing Tracks/Materials/mat_framework_atlas_2.mat using Guid(949dd25bc02cf2d44991623770eb54d8) Importer(815301076,1909f56bfc062723c751e8b465ee728b) (PreviewImporter) -> (artifact id: '640a656f510b0bb85e02e43db598c702') in 0.0437449 seconds
Number of updated asset objects reloaded before import = 0Number of asset objects unloaded after import = 4

========================================================================
Received Import Request.
  Time since last request: 0.398365 seconds.
  path: Assets/AssedStore - Prefabs/Modular Tracks - Racing Tracks/Materials/mat_corner_signage_expert_1.mat
  artifactKey: Guid(d16d695c3b38e544484465c277dc0fc1) Importer(815301076,1909f56bfc062723c751e8b465ee728b)
Start importing Assets/AssedStore - Prefabs/Modular Tracks - Racing Tracks/Materials/mat_corner_signage_expert_1.mat using Guid(d16d695c3b38e544484465c277dc0fc1) Importer(815301076,1909f56bfc062723c751e8b465ee728b) (PreviewImporter) -> (artifact id: 'c3d4557817f751cdecbb5c950086914d') in 0.0502099 seconds
Number of updated asset objects reloaded before import = 0Number of asset objects unloaded after import = 4

========================================================================
Received Import Request.
  Time since last request: 0.000020 seconds.
  path: Assets/AssedStore - Prefabs/Modular Tracks - Racing Tracks/Materials/mat_corner_signage_night.mat
  artifactKey: Guid(dec99c8f5e476bf409a06db61784fd8a) Importer(815301076,1909f56bfc062723c751e8b465ee728b)
Start importing Assets/AssedStore - Prefabs/Modular Tracks - Racing Tracks/Materials/mat_corner_signage_night.mat using Guid(dec99c8f5e476bf409a06db61784fd8a) Importer(815301076,1909f56bfc062723c751e8b465ee728b) (PreviewImporter) -> (artifact id: '419a0f0ef1106ba792c6be02028afe9c') in 0.0499616 seconds
Number of updated asset objects reloaded before import = 0Number of asset objects unloaded after import = 4

========================================================================
Received Import Request.
  Time since last request: 0.041543 seconds.
  path: Assets/AssedStore - Prefabs/Modular Tracks - Racing Tracks/Materials/mat_bridge_standard_night_medium.mat
  artifactKey: Guid(3af215476f89b104e93df80e6e3993ad) Importer(815301076,1909f56bfc062723c751e8b465ee728b)
Start importing Assets/AssedStore - Prefabs/Modular Tracks - Racing Tracks/Materials/mat_bridge_standard_night_medium.mat using Guid(3af215476f89b104e93df80e6e3993ad) Importer(815301076,1909f56bfc062723c751e8b465ee728b) (PreviewImporter) -> (artifact id: '98d4182053e5595ddf62a75eb0c639af') in 0.0427782 seconds
Number of updated asset objects reloaded before import = 0Number of asset objects unloaded after import = 4

========================================================================
Received Import Request.
  Time since last request: 0.000014 seconds.
  path: Assets/AssedStore - Prefabs/Modular Tracks - Racing Tracks/Materials/mat_checker.mat
  artifactKey: Guid(9a9036bfac721d94984b9c2591e36791) Importer(815301076,1909f56bfc062723c751e8b465ee728b)
Start importing Assets/AssedStore - Prefabs/Modular Tracks - Racing Tracks/Materials/mat_checker.mat using Guid(9a9036bfac721d94984b9c2591e36791) Importer(815301076,1909f56bfc062723c751e8b465ee728b) (PreviewImporter) -> (artifact id: 'befa3706e2fb59aca76ebcb2675adc0f') in 0.0375064 seconds
Number of updated asset objects reloaded before import = 0Number of asset objects unloaded after import = 2

========================================================================
Received Import Request.
  Time since last request: 0.616771 seconds.
  path: Assets/AssedStore - Prefabs/Modular Tracks - Racing Tracks/Materials/mat_bridge_narrow_night_medium.mat
  artifactKey: Guid(6dd51d4f33b2817479cda628fa47a316) Importer(815301076,1909f56bfc062723c751e8b465ee728b)
Start importing Assets/AssedStore - Prefabs/Modular Tracks - Racing Tracks/Materials/mat_bridge_narrow_night_medium.mat using Guid(6dd51d4f33b2817479cda628fa47a316) Importer(815301076,1909f56bfc062723c751e8b465ee728b) (PreviewImporter) -> (artifact id: '760be5668065c6ffd87d79aaeabd98d1') in 0.0367201 seconds
Number of updated asset objects reloaded before import = 0Number of asset objects unloaded after import = 4

========================================================================
Received Import Request.
  Time since last request: 0.000056 seconds.
  path: Assets/AssedStore - Prefabs/Modular Tracks - Racing Tracks/Materials/mat_bridge_standard_expert - Copy.mat
  artifactKey: Guid(a02662d9851cd0d428bff32a0a942a31) Importer(815301076,1909f56bfc062723c751e8b465ee728b)
Start importing Assets/AssedStore - Prefabs/Modular Tracks - Racing Tracks/Materials/mat_bridge_standard_expert - Copy.mat using Guid(a02662d9851cd0d428bff32a0a942a31) Importer(815301076,1909f56bfc062723c751e8b465ee728b) (PreviewImporter) -> (artifact id: '7b56dac10b7592c2cd93be3e25fac6dd') in 0.0244921 seconds
Number of updated asset objects reloaded before import = 0Number of asset objects unloaded after import = 4

========================================================================
Received Import Request.
  Time since last request: 0.217463 seconds.
  path: Assets/AssedStore - Prefabs/Modular Tracks - Racing Tracks/Materials/mat_boost_gate_led.mat
  artifactKey: Guid(fc19f54cacebac74ca5a91f9d3384e62) Importer(815301076,1909f56bfc062723c751e8b465ee728b)
Start importing Assets/AssedStore - Prefabs/Modular Tracks - Racing Tracks/Materials/mat_boost_gate_led.mat using Guid(fc19f54cacebac74ca5a91f9d3384e62) Importer(815301076,1909f56bfc062723c751e8b465ee728b) (PreviewImporter) -> (artifact id: '7a147987edd8c0365e3cda4875762f66') in 0.0423474 seconds
Number of updated asset objects reloaded before import = 0Number of asset objects unloaded after import = 2

========================================================================
Received Import Request.
  Time since last request: 0.000019 seconds.
  path: Assets/AssedStore - Prefabs/Modular Tracks - Racing Tracks/Materials/mat_bridge_magnetic_night.mat
  artifactKey: Guid(5bb4add73d7d3544bb61476e4a825adf) Importer(815301076,1909f56bfc062723c751e8b465ee728b)
Start importing Assets/AssedStore - Prefabs/Modular Tracks - Racing Tracks/Materials/mat_bridge_magnetic_night.mat using Guid(5bb4add73d7d3544bb61476e4a825adf) Importer(815301076,1909f56bfc062723c751e8b465ee728b) (PreviewImporter) -> (artifact id: '9bf16309469e239364c882a9a097d35a') in 0.0297868 seconds
Number of updated asset objects reloaded before import = 0Number of asset objects unloaded after import = 4

========================================================================
Received Import Request.
  Time since last request: 0.054943 seconds.
  path: Assets/AssedStore - Prefabs/Modular Tracks - Racing Tracks/Materials/mat_barriers_standard_expert.mat
  artifactKey: Guid(1626e3a797ca27b49bb1c03b58f206e3) Importer(815301076,1909f56bfc062723c751e8b465ee728b)
Start importing Assets/AssedStore - Prefabs/Modular Tracks - Racing Tracks/Materials/mat_barriers_standard_expert.mat using Guid(1626e3a797ca27b49bb1c03b58f206e3) Importer(815301076,1909f56bfc062723c751e8b465ee728b) (PreviewImporter) -> (artifact id: 'd45053d16886fc696b45f88996a08589') in 0.0655819 seconds
Number of updated asset objects reloaded before import = 0Number of asset objects unloaded after import = 4

========================================================================
Received Import Request.
  Time since last request: 0.000014 seconds.
  path: Assets/AssedStore - Prefabs/Modular Tracks - Racing Tracks/Materials/mat_barriers_standard_night_expert.mat
  artifactKey: Guid(b5bf64672786d794c99b0dbacf3eb5e2) Importer(815301076,1909f56bfc062723c751e8b465ee728b)
Start importing Assets/AssedStore - Prefabs/Modular Tracks - Racing Tracks/Materials/mat_barriers_standard_night_expert.mat using Guid(b5bf64672786d794c99b0dbacf3eb5e2) Importer(815301076,1909f56bfc062723c751e8b465ee728b) (PreviewImporter) -> (artifact id: '54373f4f61a61454fabf1b09b33b0183') in 0.0592603 seconds
Number of updated asset objects reloaded before import = 0Number of asset objects unloaded after import = 4

========================================================================
Received Import Request.
  Time since last request: 0.104177 seconds.
  path: Assets/AssedStore - Prefabs/Modular Tracks - Racing Tracks/Materials/mat_barriers_narrow.mat
  artifactKey: Guid(eb486b69dd5815e439fa071643afc930) Importer(815301076,1909f56bfc062723c751e8b465ee728b)
Start importing Assets/AssedStore - Prefabs/Modular Tracks - Racing Tracks/Materials/mat_barriers_narrow.mat using Guid(eb486b69dd5815e439fa071643afc930) Importer(815301076,1909f56bfc062723c751e8b465ee728b) (PreviewImporter) -> (artifact id: '11fa1cad7a9ad338db1c46d819658bf3') in 0.0352522 seconds
Number of updated asset objects reloaded before import = 0Number of asset objects unloaded after import = 4

========================================================================
Received Import Request.
  Time since last request: 0.000049 seconds.
  path: Assets/AssedStore - Prefabs/Modular Tracks - Racing Tracks/Materials/mat_barriers_narrow_medium.mat
  artifactKey: Guid(3d3beae06fb56da4ebbe6b90139afaf3) Importer(815301076,1909f56bfc062723c751e8b465ee728b)
Start importing Assets/AssedStore - Prefabs/Modular Tracks - Racing Tracks/Materials/mat_barriers_narrow_medium.mat using Guid(3d3beae06fb56da4ebbe6b90139afaf3) Importer(815301076,1909f56bfc062723c751e8b465ee728b) (PreviewImporter) -> (artifact id: 'f6361efa1719019b911f5ee489b8c550') in 0.0345741 seconds
Number of updated asset objects reloaded before import = 0Number of asset objects unloaded after import = 4

========================================================================
Received Import Request.
  Time since last request: 0.299230 seconds.
  path: Assets/AssedStore - Prefabs/Modular Tracks - Racing Tracks/Materials/mat_banners_flags.mat
  artifactKey: Guid(14489a530a35e9540998e1234d940d9f) Importer(815301076,1909f56bfc062723c751e8b465ee728b)
Start importing Assets/AssedStore - Prefabs/Modular Tracks - Racing Tracks/Materials/mat_banners_flags.mat using Guid(14489a530a35e9540998e1234d940d9f) Importer(815301076,1909f56bfc062723c751e8b465ee728b) (PreviewImporter) -> (artifact id: '99a193c0326bb289c4672f67e7ea9c7e') in 0.042102 seconds
Number of updated asset objects reloaded before import = 0Number of asset objects unloaded after import = 4

========================================================================
Received Import Request.
  Time since last request: 0.896390 seconds.
  path: Assets/TextMesh Pro/Examples & Extras/Materials/Ground - Logo Scene.mat
  artifactKey: Guid(c719e38f25a9480abd2480ab621a2949) Importer(815301076,1909f56bfc062723c751e8b465ee728b)
Start importing Assets/TextMesh Pro/Examples & Extras/Materials/Ground - Logo Scene.mat using Guid(c719e38f25a9480abd2480ab621a2949) Importer(815301076,1909f56bfc062723c751e8b465ee728b) (PreviewImporter) -> (artifact id: '0e769ed9a399dd7f9d11fbc2fa412af7') in 0.0227473 seconds
Number of updated asset objects reloaded before import = 0Number of asset objects unloaded after import = 2

========================================================================
Received Import Request.
  Time since last request: 1.804166 seconds.
  path: Assets/TextMesh Pro/Examples & Extras/Resources/Fonts & Materials/Bangers SDF Glow.mat
  artifactKey: Guid(d75b8f41e959450c84ac6e967084d3e1) Importer(815301076,1909f56bfc062723c751e8b465ee728b)
Start importing Assets/TextMesh Pro/Examples & Extras/Resources/Fonts & Materials/Bangers SDF Glow.mat using Guid(d75b8f41e959450c84ac6e967084d3e1) Importer(815301076,1909f56bfc062723c751e8b465ee728b) (PreviewImporter) -> (artifact id: '380e39e9155cdbecf5f4f8a7ab77831d') in 0.0390012 seconds
Number of updated asset objects reloaded before import = 0Number of asset objects unloaded after import = 3

========================================================================
Received Import Request.
  Time since last request: 0.000016 seconds.
  path: Assets/AssedStore - Prefabs/Modular Tracks - Racing Tracks/Materials/Container_Padding_Night.mat
  artifactKey: Guid(abaf5761e5855d5498d185914a290e0c) Importer(815301076,1909f56bfc062723c751e8b465ee728b)
Start importing Assets/AssedStore - Prefabs/Modular Tracks - Racing Tracks/Materials/Container_Padding_Night.mat using Guid(abaf5761e5855d5498d185914a290e0c) Importer(815301076,1909f56bfc062723c751e8b465ee728b) (PreviewImporter) -> (artifact id: '15f3e900d817a009d8b5f5449478f863') in 0.0282315 seconds
Number of updated asset objects reloaded before import = 0Number of asset objects unloaded after import = 4

========================================================================
Received Import Request.
  Time since last request: 0.458178 seconds.
  path: Assets/TextMesh Pro/Examples & Extras/Resources/Fonts & Materials/Anton SDF - Outline.mat
  artifactKey: Guid(a00013af81304728b2be1f4309ee2433) Importer(815301076,1909f56bfc062723c751e8b465ee728b)
Start importing Assets/TextMesh Pro/Examples & Extras/Resources/Fonts & Materials/Anton SDF - Outline.mat using Guid(a00013af81304728b2be1f4309ee2433) Importer(815301076,1909f56bfc062723c751e8b465ee728b) (PreviewImporter) -> (artifact id: 'd3ad838073e3c2965ee028b4a522babd') in 0.0354161 seconds
Number of updated asset objects reloaded before import = 0Number of asset objects unloaded after import = 2

========================================================================
Received Import Request.
  Time since last request: 0.000046 seconds.
  path: Assets/TextMesh Pro/Examples & Extras/Resources/Fonts & Materials/Bangers SDF - Drop Shadow.mat
  artifactKey: Guid(f2dcf029949142e28b974630369c8b4e) Importer(815301076,1909f56bfc062723c751e8b465ee728b)
Start importing Assets/TextMesh Pro/Examples & Extras/Resources/Fonts & Materials/Bangers SDF - Drop Shadow.mat using Guid(f2dcf029949142e28b974630369c8b4e) Importer(815301076,1909f56bfc062723c751e8b465ee728b) (PreviewImporter) -> (artifact id: '200bbaa2c5ff75c945b42a7a1ffe664c') in 0.028673 seconds
Number of updated asset objects reloaded before import = 0Number of asset objects unloaded after import = 2

========================================================================
Received Prepare
Assembly reference Packages/com.unity.cinemachine/Editor/Samples/ExposeHDRPInternals/HDRP-Editor-ref.asmref has no target assembly definition
Assembly reference Packages/com.unity.cinemachine/Editor/Samples/ExposeHDRPInternals/HDRP-Editor-ref.asmref has no target assembly definition
Begin MonoManager ReloadAssembly
- Loaded All Assemblies, in  0.725 seconds
Assembly reference Packages/com.unity.cinemachine/Editor/Samples/ExposeHDRPInternals/HDRP-Editor-ref.asmref has no target assembly definition
'Packages/com.unity.cinemachine/Editor/Obsolete/CinemachineVirtualCameraBaseEditor.cs' contains partial class of Unity.Object, exactly 1 of the partial classes needs to be in a file with the same filename. This is to know the one that can be referenced from ie. GameObjects
'Packages/com.unity.cinemachine/Editor/Editors/CinemachineVirtualCameraBaseEditor.cs' contains partial class of Unity.Object, exactly 1 of the partial classes needs to be in a file with the same filename. This is to know the one that can be referenced from ie. GameObjects
Refreshing native plugins compatible for Editor in 0.90 ms, found 3 plugins.
Native extension for WindowsStandalone target not found
Native extension for WebGL target not found
Assembly reference Packages/com.unity.cinemachine/Editor/Samples/ExposeHDRPInternals/HDRP-Editor-ref.asmref has no target assembly definition
[Package Manager] Failed to launch server process. Reason: Unity was launched with the -noUpm command-line argument
[Package Manager] Unable to send message (not connected to server process).
[Package Manager] Cannot connect to Unity Package Manager local server
Mono: successfully reloaded assembly
- Finished resetting the current domain, in  0.858 seconds
Domain Reload Profiling: 1585ms
	BeginReloadAssembly (184ms)
		ExecutionOrderSort (0ms)
		DisableScriptedObjects (5ms)
		BackupInstance (0ms)
		ReleaseScriptingObjects (0ms)
		CreateAndSetChildDomain (46ms)
	RebuildCommonClasses (29ms)
	RebuildNativeTypeToScriptingClass (15ms)
	initialDomainReloadingComplete (29ms)
	LoadAllAssembliesAndSetupDomain (469ms)
		LoadAssemblies (400ms)
		RebuildTransferFunctionScriptingTraits (0ms)
		AnalyzeDomain (164ms)
			TypeCache.Refresh (8ms)
				TypeCache.ScanAssembly (0ms)
			BuildScriptInfoCaches (142ms)
			ResolveRequiredComponents (11ms)
	FinalizeReload (859ms)
		ReleaseScriptCaches (0ms)
		RebuildScriptCaches (0ms)
		SetupLoadedEditorAssemblies (730ms)
			LogAssemblyErrors (0ms)
			InitializePlatformSupportModulesInManaged (3ms)
			SetLoadedEditorAssemblies (6ms)
			BeforeProcessingInitializeOnLoad (195ms)
			ProcessInitializeOnLoadAttributes (456ms)
			ProcessInitializeOnLoadMethodAttributes (66ms)
			AfterProcessingInitializeOnLoad (5ms)
			EditorAssembliesLoaded (0ms)
		ExecutionOrderSort2 (0ms)
		AwakeInstancesAfterBackupRestoration (7ms)
Refreshing native plugins compatible for Editor in 1.44 ms, found 3 plugins.
Preloading 0 native plugins for Editor in 0.00 ms.
Unloading 32 Unused Serialized files (Serialized files now loaded: 0)
Unloading 6452 unused Assets / (5.8 MB). Loaded Objects now: 7086.
Memory consumption went from 153.8 MB to 147.9 MB.
Total: 9.803100 ms (FindLiveObjects: 0.663300 ms CreateObjectMapping: 0.532800 ms MarkObjects: 5.436100 ms  DeleteObjects: 3.169400 ms)

Prepare: number of updated asset objects reloaded= 0
========================================================================
Received Import Request.
  Time since last request: 77.978342 seconds.
  path: Assets/AssedStore - Prefabs/TerrainFormer/Editor/Terrain Commands
  artifactKey: Guid(f25a37004d8dcf24e8d6d15416866daa) Importer(815301076,1909f56bfc062723c751e8b465ee728b)
Start importing Assets/AssedStore - Prefabs/TerrainFormer/Editor/Terrain Commands using Guid(f25a37004d8dcf24e8d6d15416866daa) Importer(815301076,1909f56bfc062723c751e8b465ee728b) (PreviewImporter) -> (artifact id: '555c33242a4a165214d0815099d5e422') in 0.0104496 seconds
Number of updated asset objects reloaded before import = 0Number of asset objects unloaded after import = 0

========================================================================
Received Import Request.
  Time since last request: 6.128030 seconds.
  path: Assets/AssedStore - Prefabs/TerrainFormer/Textures/Icons
  artifactKey: Guid(2e006a379cc426c489d0cec085cf5e36) Importer(815301076,1909f56bfc062723c751e8b465ee728b)
Start importing Assets/AssedStore - Prefabs/TerrainFormer/Textures/Icons using Guid(2e006a379cc426c489d0cec085cf5e36) Importer(815301076,1909f56bfc062723c751e8b465ee728b) (PreviewImporter) -> (artifact id: '7ce556c4bff9ca22a6e3b4f6d197a30a') in 0.0006275 seconds
Number of updated asset objects reloaded before import = 0Number of asset objects unloaded after import = 0

========================================================================
Received Import Request.
  Time since last request: 151.024387 seconds.
  path: Assets/UI/6_1920x1080.jpg
  artifactKey: Guid(ebf792dbee874d346a8db74cf66a3cb4) Importer(815301076,1909f56bfc062723c751e8b465ee728b)
Start importing Assets/UI/6_1920x1080.jpg using Guid(ebf792dbee874d346a8db74cf66a3cb4) Importer(815301076,1909f56bfc062723c751e8b465ee728b) (PreviewImporter) -> (artifact id: 'a7c0977aea1cfdf7b0bb592f6f3713ef') in 0.0873292 seconds
Number of updated asset objects reloaded before import = 0Number of asset objects unloaded after import = 3

========================================================================
Received Import Request.
  Time since last request: 0.000164 seconds.
  path: Assets/AssedStore - Prefabs/LowpolyStyle/Alpine Woodland/Prefabs/AgaveLow.prefab
  artifactKey: Guid(9c9807f75889e994094efd930fe03ca8) Importer(815301076,1909f56bfc062723c751e8b465ee728b)
Start importing Assets/AssedStore - Prefabs/LowpolyStyle/Alpine Woodland/Prefabs/AgaveLow.prefab using Guid(9c9807f75889e994094efd930fe03ca8) Importer(815301076,1909f56bfc062723c751e8b465ee728b) (PreviewImporter) -> (artifact id: 'a260f5245736f44d68c66c1d111583bb') in 0.0465034 seconds
Number of updated asset objects reloaded before import = 0Number of asset objects unloaded after import = 10

========================================================================
Received Import Request.
  Time since last request: 0.000071 seconds.
  path: Assets/AssedStore - Prefabs/LowpolyStyle/Desert/Prefabs/AgaveLow.prefab
  artifactKey: Guid(1e1dcb2c3cf62ef4ea1ceb9ad4dc3314) Importer(815301076,1909f56bfc062723c751e8b465ee728b)
Start importing Assets/AssedStore - Prefabs/LowpolyStyle/Desert/Prefabs/AgaveLow.prefab using Guid(1e1dcb2c3cf62ef4ea1ceb9ad4dc3314) Importer(815301076,1909f56bfc062723c751e8b465ee728b) (PreviewImporter) -> (artifact id: 'a686aec7eb0ed260a8d5bf9d9eb6a23b') in 0.0267985 seconds
Number of updated asset objects reloaded before import = 0Number of asset objects unloaded after import = 10

========================================================================
Received Import Request.
  Time since last request: 2.445576 seconds.
  path: Assets/AssedStore - Prefabs/LowpolyStyle/Alpine Woodland/DemoScene/AplineWoodlandsPPP.asset
  artifactKey: Guid(3278e9b122e0f9f4d83937f590cccce2) Importer(815301076,1909f56bfc062723c751e8b465ee728b)
Start importing Assets/AssedStore - Prefabs/LowpolyStyle/Alpine Woodland/DemoScene/AplineWoodlandsPPP.asset using Guid(3278e9b122e0f9f4d83937f590cccce2) Importer(815301076,1909f56bfc062723c751e8b465ee728b) (PreviewImporter) -> (artifact id: '6e8cc71133823199dc462be2e9bf0691') in 0.0016971 seconds
Number of updated asset objects reloaded before import = 0Number of asset objects unloaded after import = 1

========================================================================
Received Import Request.
  Time since last request: 0.001375 seconds.
  path: Assets/AssedStore - Prefabs/Modular Tracks - Racing Tracks/Models/T8.fbx
  artifactKey: Guid(983fbd4a7c5ee1743ad003852aeb3e4d) Importer(815301076,1909f56bfc062723c751e8b465ee728b)
Start importing Assets/AssedStore - Prefabs/Modular Tracks - Racing Tracks/Models/T8.fbx using Guid(983fbd4a7c5ee1743ad003852aeb3e4d) Importer(815301076,1909f56bfc062723c751e8b465ee728b) (PreviewImporter) -> (artifact id: '5014b068ec351e93af8a6833bda99520') in 0.2882865 seconds
Number of updated asset objects reloaded before import = 0Number of asset objects unloaded after import = 104

========================================================================
Received Import Request.
  Time since last request: 0.715916 seconds.
  path: Assets/AssedStore - Prefabs/Modular Tracks - Racing Tracks/Models/T5 - Right.fbx
  artifactKey: Guid(51799fc5a740bb04fa107e5edd2c9c88) Importer(815301076,1909f56bfc062723c751e8b465ee728b)
Start importing Assets/AssedStore - Prefabs/Modular Tracks - Racing Tracks/Models/T5 - Right.fbx using Guid(51799fc5a740bb04fa107e5edd2c9c88) Importer(815301076,1909f56bfc062723c751e8b465ee728b) (PreviewImporter) -> (artifact id: '6678de051485dd330a48b6f11d72c31f') in 0.1818365 seconds
Number of updated asset objects reloaded before import = 0Number of asset objects unloaded after import = 115

========================================================================
Received Import Request.
  Time since last request: 0.189261 seconds.
  path: Assets/AssedStore - Prefabs/LowpolyStyle/Shared Materials and Textures/ArcticWaterNormal.jpg
  artifactKey: Guid(df5a29e99549f714c99a3656ec882844) Importer(815301076,1909f56bfc062723c751e8b465ee728b)
Start importing Assets/AssedStore - Prefabs/LowpolyStyle/Shared Materials and Textures/ArcticWaterNormal.jpg using Guid(df5a29e99549f714c99a3656ec882844) Importer(815301076,1909f56bfc062723c751e8b465ee728b) (PreviewImporter) -> (artifact id: '644567cc0705d61f681cedc091b406ae') in 0.0283834 seconds
Number of updated asset objects reloaded before import = 0Number of asset objects unloaded after import = 2

========================================================================
Received Import Request.
  Time since last request: 0.459114 seconds.
  path: Assets/AssedStore - Prefabs/Modular Tracks - Racing Tracks/Models/T10 - Jump.fbx
  artifactKey: Guid(f412af048a067b14dbf1c033be69b525) Importer(815301076,1909f56bfc062723c751e8b465ee728b)
Start importing Assets/AssedStore - Prefabs/Modular Tracks - Racing Tracks/Models/T10 - Jump.fbx using Guid(f412af048a067b14dbf1c033be69b525) Importer(815301076,1909f56bfc062723c751e8b465ee728b) (PreviewImporter) -> (artifact id: 'bcf67059c02b305ce8785d7beeed465f') in 0.2628605 seconds
Number of updated asset objects reloaded before import = 0Number of asset objects unloaded after import = 310

========================================================================
Received Import Request.
  Time since last request: 0.000033 seconds.
  path: Assets/AssedStore - Prefabs/Modular Tracks - Racing Tracks/Models/T3 - Up.fbx
  artifactKey: Guid(6e56c30311f45554c9cb9d691f7955ec) Importer(815301076,1909f56bfc062723c751e8b465ee728b)
Start importing Assets/AssedStore - Prefabs/Modular Tracks - Racing Tracks/Models/T3 - Up.fbx using Guid(6e56c30311f45554c9cb9d691f7955ec) Importer(815301076,1909f56bfc062723c751e8b465ee728b) (PreviewImporter) -> (artifact id: '50c7aab876ec779893cc329b600fe41b') in 0.1297848 seconds
Number of updated asset objects reloaded before import = 0Number of asset objects unloaded after import = 154

========================================================================
Received Import Request.
  Time since last request: 0.000035 seconds.
  path: Assets/AssedStore - Prefabs/Modular Tracks - Racing Tracks/Models/T35.fbx
  artifactKey: Guid(9b3c6335f787da3498a12bb0a9c788ff) Importer(815301076,1909f56bfc062723c751e8b465ee728b)
Start importing Assets/AssedStore - Prefabs/Modular Tracks - Racing Tracks/Models/T35.fbx using Guid(9b3c6335f787da3498a12bb0a9c788ff) Importer(815301076,1909f56bfc062723c751e8b465ee728b) (PreviewImporter) -> (artifact id: 'c426d3f57190cd730ddf3780f8f4b9e8') in 0.110813 seconds
Number of updated asset objects reloaded before import = 0Number of asset objects unloaded after import = 127

========================================================================
Received Import Request.
  Time since last request: 0.507479 seconds.
  path: Assets/AssedStore - Prefabs/Modular Tracks - Racing Tracks/Models/T31.fbx
  artifactKey: Guid(11776db31f9eba44aafe184444ec9523) Importer(815301076,1909f56bfc062723c751e8b465ee728b)
Start importing Assets/AssedStore - Prefabs/Modular Tracks - Racing Tracks/Models/T31.fbx using Guid(11776db31f9eba44aafe184444ec9523) Importer(815301076,1909f56bfc062723c751e8b465ee728b) (PreviewImporter) -> (artifact id: 'ee8e950bbbc07558225b55bfcc0146d9') in 0.1209411 seconds
Number of updated asset objects reloaded before import = 0Number of asset objects unloaded after import = 152

========================================================================
Received Import Request.
  Time since last request: 0.890844 seconds.
  path: Assets/AssedStore - Prefabs/Modular Tracks - Racing Tracks/Models/T17 - Direction.fbx
  artifactKey: Guid(5b2800049d5e7a640a7946c140d896b3) Importer(815301076,1909f56bfc062723c751e8b465ee728b)
Start importing Assets/AssedStore - Prefabs/Modular Tracks - Racing Tracks/Models/T17 - Direction.fbx using Guid(5b2800049d5e7a640a7946c140d896b3) Importer(815301076,1909f56bfc062723c751e8b465ee728b) (PreviewImporter) -> (artifact id: '9722024fe2e569a31550cf02ea41a52c') in 0.1529456 seconds
Number of updated asset objects reloaded before import = 0Number of asset objects unloaded after import = 242

========================================================================
Received Import Request.
  Time since last request: 0.000020 seconds.
  path: Assets/AssedStore - Prefabs/Modular Tracks - Racing Tracks/Models/T24.fbx
  artifactKey: Guid(c90f3d26d25dadd4c9827545bc5923d9) Importer(815301076,1909f56bfc062723c751e8b465ee728b)
Start importing Assets/AssedStore - Prefabs/Modular Tracks - Racing Tracks/Models/T24.fbx using Guid(c90f3d26d25dadd4c9827545bc5923d9) Importer(815301076,1909f56bfc062723c751e8b465ee728b) (PreviewImporter) -> (artifact id: '119a1c33edeeb4228b62132509311ba7') in 0.0919087 seconds
Number of updated asset objects reloaded before import = 0Number of asset objects unloaded after import = 108

========================================================================
Received Import Request.
  Time since last request: 0.000018 seconds.
  path: Assets/AssedStore - Prefabs/Modular Tracks - Racing Tracks/Models/T17.fbx
  artifactKey: Guid(058cae6d85df2f64890a5050713e2164) Importer(815301076,1909f56bfc062723c751e8b465ee728b)
Start importing Assets/AssedStore - Prefabs/Modular Tracks - Racing Tracks/Models/T17.fbx using Guid(058cae6d85df2f64890a5050713e2164) Importer(815301076,1909f56bfc062723c751e8b465ee728b) (PreviewImporter) -> (artifact id: 'f59a8089259772970e47a3e52ac1c6e3') in 0.1240877 seconds
Number of updated asset objects reloaded before import = 0Number of asset objects unloaded after import = 182

========================================================================
Received Import Request.
  Time since last request: 0.000029 seconds.
  path: Assets/AssedStore - Prefabs/Modular Tracks - Racing Tracks/Models/T11 - Ground.fbx
  artifactKey: Guid(43101d45613e7d245b3fd1973bd717ea) Importer(815301076,1909f56bfc062723c751e8b465ee728b)
Start importing Assets/AssedStore - Prefabs/Modular Tracks - Racing Tracks/Models/T11 - Ground.fbx using Guid(43101d45613e7d245b3fd1973bd717ea) Importer(815301076,1909f56bfc062723c751e8b465ee728b) (PreviewImporter) -> (artifact id: 'd9395a2bf65bae08dcef6d7185fc9954') in 0.108885 seconds
Number of updated asset objects reloaded before import = 0Number of asset objects unloaded after import = 160

========================================================================
Received Import Request.
  Time since last request: 0.000021 seconds.
  path: Assets/AssedStore - Prefabs/Modular Tracks - Racing Tracks/Models/Supporting Props/obs_barrier_split.fbx
  artifactKey: Guid(dc18089aecc98dd459c4bd02169f5f99) Importer(815301076,1909f56bfc062723c751e8b465ee728b)
Start importing Assets/AssedStore - Prefabs/Modular Tracks - Racing Tracks/Models/Supporting Props/obs_barrier_split.fbx using Guid(dc18089aecc98dd459c4bd02169f5f99) Importer(815301076,1909f56bfc062723c751e8b465ee728b) (PreviewImporter) -> (artifact id: '8235a223add300349b31f6d0f546f6b3') in 0.0322967 seconds
Number of updated asset objects reloaded before import = 0Number of asset objects unloaded after import = 22

========================================================================
Received Import Request.
  Time since last request: 0.000015 seconds.
  path: Assets/AssedStore - Prefabs/LowpolyStyle/Shared FBX Meshes/SnowyBarrel1.fbx
  artifactKey: Guid(1d337b23624bf9543bb81e817ea459b9) Importer(815301076,1909f56bfc062723c751e8b465ee728b)
Start importing Assets/AssedStore - Prefabs/LowpolyStyle/Shared FBX Meshes/SnowyBarrel1.fbx using Guid(1d337b23624bf9543bb81e817ea459b9) Importer(815301076,1909f56bfc062723c751e8b465ee728b) (PreviewImporter) -> (artifact id: '58fad7a4bbfaeac229c08993eebbef71') in 0.0181711 seconds
Number of updated asset objects reloaded before import = 0Number of asset objects unloaded after import = 7

========================================================================
Received Import Request.
  Time since last request: 0.000014 seconds.
  path: Assets/AssedStore - Prefabs/LowpolyStyle/Shared FBX Meshes/SnowyBarrels3.fbx
  artifactKey: Guid(ff250c24d243b024687ee42deb5c2919) Importer(815301076,1909f56bfc062723c751e8b465ee728b)
Start importing Assets/AssedStore - Prefabs/LowpolyStyle/Shared FBX Meshes/SnowyBarrels3.fbx using Guid(ff250c24d243b024687ee42deb5c2919) Importer(815301076,1909f56bfc062723c751e8b465ee728b) (PreviewImporter) -> (artifact id: 'b1a0cd47dcde1f32aead4db829a5b502') in 0.0255737 seconds
Number of updated asset objects reloaded before import = 0Number of asset objects unloaded after import = 7

========================================================================
Received Import Request.
  Time since last request: 0.000017 seconds.
  path: Assets/AssedStore - Prefabs/Modular Tracks - Racing Tracks/Models/T1 - Ground Obstacle 2.fbx
  artifactKey: Guid(d0d03cdb5dd170a42a2929e4aea5c746) Importer(815301076,1909f56bfc062723c751e8b465ee728b)
Start importing Assets/AssedStore - Prefabs/Modular Tracks - Racing Tracks/Models/T1 - Ground Obstacle 2.fbx using Guid(d0d03cdb5dd170a42a2929e4aea5c746) Importer(815301076,1909f56bfc062723c751e8b465ee728b) (PreviewImporter) -> (artifact id: 'bc48cf585aff94d85924d75ffde63bea') in 0.1061487 seconds
Number of updated asset objects reloaded before import = 0Number of asset objects unloaded after import = 218

========================================================================
Received Import Request.
  Time since last request: 0.000031 seconds.
  path: Assets/AssedStore - Prefabs/LowpolyStyle/Desert/Prefabs/Barrel.prefab
  artifactKey: Guid(c5f50e6e7e79d4f40b29e064c20f4fef) Importer(815301076,1909f56bfc062723c751e8b465ee728b)
Start importing Assets/AssedStore - Prefabs/LowpolyStyle/Desert/Prefabs/Barrel.prefab using Guid(c5f50e6e7e79d4f40b29e064c20f4fef) Importer(815301076,1909f56bfc062723c751e8b465ee728b) (PreviewImporter) -> (artifact id: 'a7a40c4d0de5601747e9013757d6ffc2') in 0.0209265 seconds
Number of updated asset objects reloaded before import = 0Number of asset objects unloaded after import = 10

========================================================================
Received Import Request.
  Time since last request: 0.000015 seconds.
  path: Assets/AssedStore - Prefabs/Modular Tracks - Racing Tracks/Models/T1 - Ground Obstacle.fbx
  artifactKey: Guid(ce8153aa35dcac94aa75d057c457153b) Importer(815301076,1909f56bfc062723c751e8b465ee728b)
Start importing Assets/AssedStore - Prefabs/Modular Tracks - Racing Tracks/Models/T1 - Ground Obstacle.fbx using Guid(ce8153aa35dcac94aa75d057c457153b) Importer(815301076,1909f56bfc062723c751e8b465ee728b) (PreviewImporter) -> (artifact id: '99b20166138e774112fbaaccc1cd0a52') in 0.1151017 seconds
Number of updated asset objects reloaded before import = 0Number of asset objects unloaded after import = 191

========================================================================
Received Import Request.
  Time since last request: 0.000083 seconds.
  path: Assets/AssedStore - Prefabs/Modular Tracks - Racing Tracks/Models/T15.fbx
  artifactKey: Guid(6f7ead042989f0f4daf8c147f25325ba) Importer(815301076,1909f56bfc062723c751e8b465ee728b)
Start importing Assets/AssedStore - Prefabs/Modular Tracks - Racing Tracks/Models/T15.fbx using Guid(6f7ead042989f0f4daf8c147f25325ba) Importer(815301076,1909f56bfc062723c751e8b465ee728b) (PreviewImporter) -> (artifact id: 'c1999be37f25cba2275554e81a72af24') in 0.1114321 seconds
Number of updated asset objects reloaded before import = 0Number of asset objects unloaded after import = 127

========================================================================
Received Import Request.
  Time since last request: 0.000024 seconds.
  path: Assets/AssedStore - Prefabs/Modular Tracks - Racing Tracks/Models/T1 - Obstacle.fbx
  artifactKey: Guid(df5f48c3c0d462a4995ca6f99d5101be) Importer(815301076,1909f56bfc062723c751e8b465ee728b)
Start importing Assets/AssedStore - Prefabs/Modular Tracks - Racing Tracks/Models/T1 - Obstacle.fbx using Guid(df5f48c3c0d462a4995ca6f99d5101be) Importer(815301076,1909f56bfc062723c751e8b465ee728b) (PreviewImporter) -> (artifact id: '35187897d3d8a16273329ef11b89f8cb') in 0.1262112 seconds
Number of updated asset objects reloaded before import = 0Number of asset objects unloaded after import = 256

========================================================================
Received Import Request.
  Time since last request: 0.000031 seconds.
  path: Assets/AssedStore - Prefabs/Modular Tracks - Racing Tracks/Models/T1 - Landing.fbx
  artifactKey: Guid(66b3981cfebe7fe4dbf4630603aa4e3f) Importer(815301076,1909f56bfc062723c751e8b465ee728b)
Start importing Assets/AssedStore - Prefabs/Modular Tracks - Racing Tracks/Models/T1 - Landing.fbx using Guid(66b3981cfebe7fe4dbf4630603aa4e3f) Importer(815301076,1909f56bfc062723c751e8b465ee728b) (PreviewImporter) -> (artifact id: 'dbe51b59c06ce00e1fe737137b2507b3') in 0.1100319 seconds
Number of updated asset objects reloaded before import = 0Number of asset objects unloaded after import = 119

========================================================================
Received Import Request.
  Time since last request: 0.000025 seconds.
  path: Assets/AssedStore - Prefabs/LowpolyStyle/Alpine Woodland/Prefabs/Barrel.prefab
  artifactKey: Guid(19ac1104ca7795142a0ed5606b7401c7) Importer(815301076,1909f56bfc062723c751e8b465ee728b)
Start importing Assets/AssedStore - Prefabs/LowpolyStyle/Alpine Woodland/Prefabs/Barrel.prefab using Guid(19ac1104ca7795142a0ed5606b7401c7) Importer(815301076,1909f56bfc062723c751e8b465ee728b) (PreviewImporter) -> (artifact id: '82f023eda72ad11d88ad1e01b68b8f4d') in 0.0212351 seconds
Number of updated asset objects reloaded before import = 0Number of asset objects unloaded after import = 10

========================================================================
Received Import Request.
  Time since last request: 0.000014 seconds.
  path: Assets/AssedStore - Prefabs/Modular Tracks - Racing Tracks/Models/T10.fbx
  artifactKey: Guid(893ffde145c771642a3cb3987b3df61d) Importer(815301076,1909f56bfc062723c751e8b465ee728b)
Start importing Assets/AssedStore - Prefabs/Modular Tracks - Racing Tracks/Models/T10.fbx using Guid(893ffde145c771642a3cb3987b3df61d) Importer(815301076,1909f56bfc062723c751e8b465ee728b) (PreviewImporter) -> (artifact id: '0146a7c43d132b525deb6337ec5fa5b0') in 0.1435534 seconds
Number of updated asset objects reloaded before import = 0Number of asset objects unloaded after import = 252

========================================================================
Received Import Request.
  Time since last request: 0.000024 seconds.
  path: Assets/AssedStore - Prefabs/Modular Tracks - Racing Tracks/Models/T1 - Boost.fbx
  artifactKey: Guid(460bef0d3ff6eeb499af43d788757b19) Importer(815301076,1909f56bfc062723c751e8b465ee728b)
Start importing Assets/AssedStore - Prefabs/Modular Tracks - Racing Tracks/Models/T1 - Boost.fbx using Guid(460bef0d3ff6eeb499af43d788757b19) Importer(815301076,1909f56bfc062723c751e8b465ee728b) (PreviewImporter) -> (artifact id: '78bc8a1c41a2cfb3aaec9bf2c246e26e') in 0.1103084 seconds
Number of updated asset objects reloaded before import = 0Number of asset objects unloaded after import = 107

========================================================================
Received Import Request.
  Time since last request: 0.000032 seconds.
  path: Assets/AssedStore - Prefabs/Modular Tracks - Racing Tracks/Models/T15 - Jump.fbx
  artifactKey: Guid(509885ba24a360b4aa43fc81c107e621) Importer(815301076,1909f56bfc062723c751e8b465ee728b)
Start importing Assets/AssedStore - Prefabs/Modular Tracks - Racing Tracks/Models/T15 - Jump.fbx using Guid(509885ba24a360b4aa43fc81c107e621) Importer(815301076,1909f56bfc062723c751e8b465ee728b) (PreviewImporter) -> (artifact id: 'b2d72af4075a04f16d8f14b4147e22d4') in 0.130255 seconds
Number of updated asset objects reloaded before import = 0Number of asset objects unloaded after import = 151

========================================================================
Received Import Request.
  Time since last request: 0.000033 seconds.
  path: Assets/AssedStore - Prefabs/Modular Tracks - Racing Tracks/Textures/barriers_standard_emissive.png
  artifactKey: Guid(b2dfc8d7906fc2c4a9b211c20de606aa) Importer(815301076,1909f56bfc062723c751e8b465ee728b)
Start importing Assets/AssedStore - Prefabs/Modular Tracks - Racing Tracks/Textures/barriers_standard_emissive.png using Guid(b2dfc8d7906fc2c4a9b211c20de606aa) Importer(815301076,1909f56bfc062723c751e8b465ee728b) (PreviewImporter) -> (artifact id: 'b4cebf12094fcb56b470ec4e2c54fcd1') in 0.0165449 seconds
Number of updated asset objects reloaded before import = 0Number of asset objects unloaded after import = 2

========================================================================
Received Import Request.
  Time since last request: 0.000028 seconds.
  path: Assets/AssedStore - Prefabs/Modular Tracks - Racing Tracks/Models/Supporting Props/obs_tunnel_barrier.fbx
  artifactKey: Guid(d64f038d47a3d394499db62152c647fe) Importer(815301076,1909f56bfc062723c751e8b465ee728b)
Start importing Assets/AssedStore - Prefabs/Modular Tracks - Racing Tracks/Models/Supporting Props/obs_tunnel_barrier.fbx using Guid(d64f038d47a3d394499db62152c647fe) Importer(815301076,1909f56bfc062723c751e8b465ee728b) (PreviewImporter) -> (artifact id: 'c7a95335fd48097a909e1e9d66ca1d76') in 0.0311798 seconds
Number of updated asset objects reloaded before import = 0Number of asset objects unloaded after import = 18

========================================================================
Received Import Request.
  Time since last request: 0.000023 seconds.
  path: Assets/AssedStore - Prefabs/Modular Tracks - Racing Tracks/Textures/barriers_standard_albedo.png
  artifactKey: Guid(b5aba987a4a5aee4b9ec79c83d80af0a) Importer(815301076,1909f56bfc062723c751e8b465ee728b)
Start importing Assets/AssedStore - Prefabs/Modular Tracks - Racing Tracks/Textures/barriers_standard_albedo.png using Guid(b5aba987a4a5aee4b9ec79c83d80af0a) Importer(815301076,1909f56bfc062723c751e8b465ee728b) (PreviewImporter) -> (artifact id: '40d10d9e867762ae1a082935893f5600') in 0.0194562 seconds
Number of updated asset objects reloaded before import = 0Number of asset objects unloaded after import = 2

========================================================================
Received Import Request.
  Time since last request: 0.000021 seconds.
  path: Assets/AssedStore - Prefabs/LowpolyStyle/Desert/Prefabs/Bench1.prefab
  artifactKey: Guid(6e1de5a6b19941d45b4f7fd330e7e766) Importer(815301076,1909f56bfc062723c751e8b465ee728b)
Start importing Assets/AssedStore - Prefabs/LowpolyStyle/Desert/Prefabs/Bench1.prefab using Guid(6e1de5a6b19941d45b4f7fd330e7e766) Importer(815301076,1909f56bfc062723c751e8b465ee728b) (PreviewImporter) -> (artifact id: '9267edb65d68bcee3987de952ab15f30') in 0.0185587 seconds
Number of updated asset objects reloaded before import = 0Number of asset objects unloaded after import = 11

========================================================================
Received Import Request.
  Time since last request: 0.000024 seconds.
  path: Assets/AssedStore - Prefabs/Modular Tracks - Racing Tracks/Textures/barriers_narrow_albedo.png
  artifactKey: Guid(f1c447a3cce33c045b297a14b549890f) Importer(815301076,1909f56bfc062723c751e8b465ee728b)
Start importing Assets/AssedStore - Prefabs/Modular Tracks - Racing Tracks/Textures/barriers_narrow_albedo.png using Guid(f1c447a3cce33c045b297a14b549890f) Importer(815301076,1909f56bfc062723c751e8b465ee728b) (PreviewImporter) -> (artifact id: '232bd348b906c19bf623cdfa10299c78') in 0.0178559 seconds
Number of updated asset objects reloaded before import = 0Number of asset objects unloaded after import = 2

========================================================================
Received Import Request.
  Time since last request: 0.000019 seconds.
  path: Assets/AssedStore - Prefabs/Modular Tracks - Racing Tracks/Textures/barriers_narrow_emissive.png
  artifactKey: Guid(52f643d06b84e9143ad18b0f5c5c447f) Importer(815301076,1909f56bfc062723c751e8b465ee728b)
Start importing Assets/AssedStore - Prefabs/Modular Tracks - Racing Tracks/Textures/barriers_narrow_emissive.png using Guid(52f643d06b84e9143ad18b0f5c5c447f) Importer(815301076,1909f56bfc062723c751e8b465ee728b) (PreviewImporter) -> (artifact id: 'e7ebb8a97279ec49aacd2b2acdec92b6') in 0.0179347 seconds
Number of updated asset objects reloaded before import = 0Number of asset objects unloaded after import = 2

========================================================================
Received Import Request.
  Time since last request: 0.000016 seconds.
  path: Assets/AssedStore - Prefabs/Modular Tracks - Racing Tracks/Models/T15 - Ground.fbx
  artifactKey: Guid(0186d4c3dc1d89548b97234c26f98d35) Importer(815301076,1909f56bfc062723c751e8b465ee728b)
Start importing Assets/AssedStore - Prefabs/Modular Tracks - Racing Tracks/Models/T15 - Ground.fbx using Guid(0186d4c3dc1d89548b97234c26f98d35) Importer(815301076,1909f56bfc062723c751e8b465ee728b) (PreviewImporter) -> (artifact id: '3ae32cb72c8b71b9767d925b30d48b63') in 0.1193606 seconds
Number of updated asset objects reloaded before import = 0Number of asset objects unloaded after import = 134

========================================================================
Received Import Request.
  Time since last request: 0.000034 seconds.
  path: Assets/AssedStore - Prefabs/Modular Tracks - Racing Tracks/Models/T30.fbx
  artifactKey: Guid(8cd9780c25f71154ab9e140ac3f25a59) Importer(815301076,1909f56bfc062723c751e8b465ee728b)
Start importing Assets/AssedStore - Prefabs/Modular Tracks - Racing Tracks/Models/T30.fbx using Guid(8cd9780c25f71154ab9e140ac3f25a59) Importer(815301076,1909f56bfc062723c751e8b465ee728b) (PreviewImporter) -> (artifact id: '058b867bc2acd0a16b9dc633792290e7') in 0.1278923 seconds
Number of updated asset objects reloaded before import = 0Number of asset objects unloaded after import = 164

========================================================================
Received Import Request.
  Time since last request: 0.000027 seconds.
  path: Assets/AssedStore - Prefabs/LowpolyStyle/Arctic Tundra/Prefabs/BigCliff.prefab
  artifactKey: Guid(9fa980fd96e005245ab5bfc6ac684e4e) Importer(815301076,1909f56bfc062723c751e8b465ee728b)
Start importing Assets/AssedStore - Prefabs/LowpolyStyle/Arctic Tundra/Prefabs/BigCliff.prefab using Guid(9fa980fd96e005245ab5bfc6ac684e4e) Importer(815301076,1909f56bfc062723c751e8b465ee728b) (PreviewImporter) -> (artifact id: 'f3a28ad5cfb5072ad9e094caf681b5af') in 0.0218771 seconds
Number of updated asset objects reloaded before import = 0Number of asset objects unloaded after import = 10

========================================================================
Received Import Request.
  Time since last request: 0.000031 seconds.
  path: Assets/AssedStore - Prefabs/Modular Tracks - Racing Tracks/Models/T1 - Ground Checkpoint.fbx
  artifactKey: Guid(55bc1e7ba28910c4caeb37ff29d88c31) Importer(815301076,1909f56bfc062723c751e8b465ee728b)
Start importing Assets/AssedStore - Prefabs/Modular Tracks - Racing Tracks/Models/T1 - Ground Checkpoint.fbx using Guid(55bc1e7ba28910c4caeb37ff29d88c31) Importer(815301076,1909f56bfc062723c751e8b465ee728b) (PreviewImporter) -> (artifact id: 'c9514dd499f11419fabe340cd71af4c8') in 0.1564837 seconds
Number of updated asset objects reloaded before import = 0Number of asset objects unloaded after import = 203

========================================================================
Received Import Request.
  Time since last request: 0.000025 seconds.
  path: Assets/AssedStore - Prefabs/Modular Tracks - Racing Tracks/Models/Supporting Props/checkpoint.fbx
  artifactKey: Guid(d698b6eb27c68514ba3cbc5e7ac74f14) Importer(815301076,1909f56bfc062723c751e8b465ee728b)
Start importing Assets/AssedStore - Prefabs/Modular Tracks - Racing Tracks/Models/Supporting Props/checkpoint.fbx using Guid(d698b6eb27c68514ba3cbc5e7ac74f14) Importer(815301076,1909f56bfc062723c751e8b465ee728b) (PreviewImporter) -> (artifact id: 'e4348c55b309fe9896c32363860601db') in 0.0529922 seconds
Number of updated asset objects reloaded before import = 0Number of asset objects unloaded after import = 37

========================================================================
Received Import Request.
  Time since last request: 0.000018 seconds.
  path: Assets/AssedStore - Prefabs/Modular Tracks - Racing Tracks/Models/T2 - Checkpoint.fbx
  artifactKey: Guid(d7ebfeb18a8fdba418e1307af52b14fa) Importer(815301076,1909f56bfc062723c751e8b465ee728b)
Start importing Assets/AssedStore - Prefabs/Modular Tracks - Racing Tracks/Models/T2 - Checkpoint.fbx using Guid(d7ebfeb18a8fdba418e1307af52b14fa) Importer(815301076,1909f56bfc062723c751e8b465ee728b) (PreviewImporter) -> (artifact id: 'a1d6a00d505302f2a95491c7d8f2c48d') in 0.1896254 seconds
Number of updated asset objects reloaded before import = 0Number of asset objects unloaded after import = 282

========================================================================
Received Import Request.
  Time since last request: 0.000035 seconds.
  path: Assets/AssedStore - Prefabs/TerrainFormer/Textures/Brushes/Brush 4.png
  artifactKey: Guid(252fca68e238c7444b9bff5238381c88) Importer(815301076,1909f56bfc062723c751e8b465ee728b)
Start importing Assets/AssedStore - Prefabs/TerrainFormer/Textures/Brushes/Brush 4.png using Guid(252fca68e238c7444b9bff5238381c88) Importer(815301076,1909f56bfc062723c751e8b465ee728b) (PreviewImporter) -> (artifact id: '34f1e59071486fcc5ebb10e6e38183fe') in 0.0223192 seconds
Number of updated asset objects reloaded before import = 0Number of asset objects unloaded after import = 2

========================================================================
Received Import Request.
  Time since last request: 0.000014 seconds.
  path: Assets/AssedStore - Prefabs/LowpolyStyle/Shared FBX Meshes/Tree3_BirchYoung.fbx
  artifactKey: Guid(03ca88dedff10574b8c4fab211f653a4) Importer(815301076,1909f56bfc062723c751e8b465ee728b)
Start importing Assets/AssedStore - Prefabs/LowpolyStyle/Shared FBX Meshes/Tree3_BirchYoung.fbx using Guid(03ca88dedff10574b8c4fab211f653a4) Importer(815301076,1909f56bfc062723c751e8b465ee728b) (PreviewImporter) -> (artifact id: '803f5bb07c082de1acead645db249855') in 0.021372 seconds
Number of updated asset objects reloaded before import = 0Number of asset objects unloaded after import = 7

========================================================================
Received Import Request.
  Time since last request: 0.471570 seconds.
  path: Assets/AssedStore - Prefabs/Modular Tracks - Racing Tracks/Models/T34 - Magnetic.fbx
  artifactKey: Guid(0590791be180ed34097fc9d2a5fb4883) Importer(815301076,1909f56bfc062723c751e8b465ee728b)
Start importing Assets/AssedStore - Prefabs/Modular Tracks - Racing Tracks/Models/T34 - Magnetic.fbx using Guid(0590791be180ed34097fc9d2a5fb4883) Importer(815301076,1909f56bfc062723c751e8b465ee728b) (PreviewImporter) -> (artifact id: '07fb2d07b19c8e77ac2b6d6d53f9081b') in 0.177697 seconds
Number of updated asset objects reloaded before import = 0Number of asset objects unloaded after import = 132

========================================================================
Received Import Request.
  Time since last request: 0.000026 seconds.
  path: Assets/Prefab/Car/WorkPrefab/Dori/Car_Dori_0.prefab
  artifactKey: Guid(665e1c18d500ba041ba27ad51c63a71f) Importer(815301076,1909f56bfc062723c751e8b465ee728b)
Start importing Assets/Prefab/Car/WorkPrefab/Dori/Car_Dori_0.prefab using Guid(665e1c18d500ba041ba27ad51c63a71f) Importer(815301076,1909f56bfc062723c751e8b465ee728b) (PreviewImporter) -> (artifact id: '9d42b238ff6646627afe37039c283b4d') in 0.0768477 seconds
Number of updated asset objects reloaded before import = 0Number of asset objects unloaded after import = 205

========================================================================
Received Import Request.
  Time since last request: 0.000026 seconds.
  path: Assets/Prefab/Car/WorkPrefab/Dori/Car_Dori_1.prefab
  artifactKey: Guid(ebdfd1ebd8d40ec4a83e1f10aef0fb78) Importer(815301076,1909f56bfc062723c751e8b465ee728b)
Start importing Assets/Prefab/Car/WorkPrefab/Dori/Car_Dori_1.prefab using Guid(ebdfd1ebd8d40ec4a83e1f10aef0fb78) Importer(815301076,1909f56bfc062723c751e8b465ee728b) (PreviewImporter) -> (artifact id: '2c761d90ce57b49f4bb5e1ba6dc656be') in 0.0620662 seconds
Number of updated asset objects reloaded before import = 0Number of asset objects unloaded after import = 396

========================================================================
Received Import Request.
  Time since last request: 0.000018 seconds.
  path: Assets/Prefab/Car/WorkPrefab/Hilia/Car_Hilia_3.prefab
  artifactKey: Guid(4de01288f30ed174d83270374ce0d636) Importer(815301076,1909f56bfc062723c751e8b465ee728b)
Start importing Assets/Prefab/Car/WorkPrefab/Hilia/Car_Hilia_3.prefab using Guid(4de01288f30ed174d83270374ce0d636) Importer(815301076,1909f56bfc062723c751e8b465ee728b) (PreviewImporter) -> (artifact id: 'c2de4ba0093b543a337aacef6ce8193c') in 0.0524287 seconds
Number of updated asset objects reloaded before import = 0Number of asset objects unloaded after import = 279

========================================================================
Received Prepare
'Packages/com.unity.cinemachine/Editor/Obsolete/CinemachineVirtualCameraBaseEditor.cs' contains partial class of Unity.Object, exactly 1 of the partial classes needs to be in a file with the same filename. This is to know the one that can be referenced from ie. GameObjects
'Packages/com.unity.cinemachine/Editor/Editors/CinemachineVirtualCameraBaseEditor.cs' contains partial class of Unity.Object, exactly 1 of the partial classes needs to be in a file with the same filename. This is to know the one that can be referenced from ie. GameObjects
Refreshing native plugins compatible for Editor in 3.49 ms, found 3 plugins.
Preloading 0 native plugins for Editor in 0.00 ms.
Unloading 32 Unused Serialized files (Serialized files now loaded: 0)
Unloading 6445 unused Assets / (5.4 MB). Loaded Objects now: 7098.
Memory consumption went from 155.6 MB to 150.2 MB.
Total: 19.899500 ms (FindLiveObjects: 1.564200 ms CreateObjectMapping: 1.059900 ms MarkObjects: 11.285500 ms  DeleteObjects: 5.988500 ms)

Prepare: number of updated asset objects reloaded= 0
========================================================================
Received Prepare
Assembly reference Packages/com.unity.cinemachine/Editor/Samples/ExposeHDRPInternals/HDRP-Editor-ref.asmref has no target assembly definition
Assembly reference Packages/com.unity.cinemachine/Editor/Samples/ExposeHDRPInternals/HDRP-Editor-ref.asmref has no target assembly definition
Begin MonoManager ReloadAssembly
- Loaded All Assemblies, in  0.671 seconds
Assembly reference Packages/com.unity.cinemachine/Editor/Samples/ExposeHDRPInternals/HDRP-Editor-ref.asmref has no target assembly definition
'Packages/com.unity.cinemachine/Editor/Obsolete/CinemachineVirtualCameraBaseEditor.cs' contains partial class of Unity.Object, exactly 1 of the partial classes needs to be in a file with the same filename. This is to know the one that can be referenced from ie. GameObjects
'Packages/com.unity.cinemachine/Editor/Editors/CinemachineVirtualCameraBaseEditor.cs' contains partial class of Unity.Object, exactly 1 of the partial classes needs to be in a file with the same filename. This is to know the one that can be referenced from ie. GameObjects
Refreshing native plugins compatible for Editor in 0.83 ms, found 3 plugins.
Native extension for WindowsStandalone target not found
Native extension for WebGL target not found
Assembly reference Packages/com.unity.cinemachine/Editor/Samples/ExposeHDRPInternals/HDRP-Editor-ref.asmref has no target assembly definition
[Package Manager] Failed to launch server process. Reason: Unity was launched with the -noUpm command-line argument
[Package Manager] Unable to send message (not connected to server process).
[Package Manager] Cannot connect to Unity Package Manager local server
Mono: successfully reloaded assembly
- Finished resetting the current domain, in  0.682 seconds
Domain Reload Profiling: 1353ms
	BeginReloadAssembly (171ms)
		ExecutionOrderSort (0ms)
		DisableScriptedObjects (4ms)
		BackupInstance (0ms)
		ReleaseScriptingObjects (0ms)
		CreateAndSetChildDomain (43ms)
	RebuildCommonClasses (32ms)
	RebuildNativeTypeToScriptingClass (11ms)
	initialDomainReloadingComplete (28ms)
	LoadAllAssembliesAndSetupDomain (428ms)
		LoadAssemblies (355ms)
		RebuildTransferFunctionScriptingTraits (0ms)
		AnalyzeDomain (161ms)
			TypeCache.Refresh (11ms)
				TypeCache.ScanAssembly (0ms)
			BuildScriptInfoCaches (135ms)
			ResolveRequiredComponents (11ms)
	FinalizeReload (683ms)
		ReleaseScriptCaches (0ms)
		RebuildScriptCaches (0ms)
		SetupLoadedEditorAssemblies (576ms)
			LogAssemblyErrors (0ms)
			InitializePlatformSupportModulesInManaged (3ms)
			SetLoadedEditorAssemblies (7ms)
			BeforeProcessingInitializeOnLoad (157ms)
			ProcessInitializeOnLoadAttributes (356ms)
			ProcessInitializeOnLoadMethodAttributes (48ms)
			AfterProcessingInitializeOnLoad (5ms)
			EditorAssembliesLoaded (0ms)
		ExecutionOrderSort2 (0ms)
		AwakeInstancesAfterBackupRestoration (5ms)
Refreshing native plugins compatible for Editor in 1.01 ms, found 3 plugins.
Preloading 0 native plugins for Editor in 0.00 ms.
Unloading 32 Unused Serialized files (Serialized files now loaded: 0)
Unloading 6452 unused Assets / (5.8 MB). Loaded Objects now: 7099.
Memory consumption went from 154.7 MB to 148.9 MB.
Total: 7.101000 ms (FindLiveObjects: 0.544000 ms CreateObjectMapping: 0.493400 ms MarkObjects: 3.602600 ms  DeleteObjects: 2.459500 ms)

Prepare: number of updated asset objects reloaded= 0
========================================================================
Received Prepare
'Packages/com.unity.cinemachine/Editor/Obsolete/CinemachineVirtualCameraBaseEditor.cs' contains partial class of Unity.Object, exactly 1 of the partial classes needs to be in a file with the same filename. This is to know the one that can be referenced from ie. GameObjects
'Packages/com.unity.cinemachine/Editor/Editors/CinemachineVirtualCameraBaseEditor.cs' contains partial class of Unity.Object, exactly 1 of the partial classes needs to be in a file with the same filename. This is to know the one that can be referenced from ie. GameObjects
Refreshing native plugins compatible for Editor in 1.48 ms, found 3 plugins.
Preloading 0 native plugins for Editor in 0.00 ms.
Unloading 32 Unused Serialized files (Serialized files now loaded: 0)
Unloading 6407 unused Assets / (5.9 MB). Loaded Objects now: 7061.
Memory consumption went from 154.8 MB to 148.9 MB.
Total: 9.883400 ms (FindLiveObjects: 0.836600 ms CreateObjectMapping: 0.575100 ms MarkObjects: 5.571900 ms  DeleteObjects: 2.898200 ms)

Prepare: number of updated asset objects reloaded= 3
========================================================================
Received Prepare
Assembly reference Packages/com.unity.cinemachine/Editor/Samples/ExposeHDRPInternals/HDRP-Editor-ref.asmref has no target assembly definition
Assembly reference Packages/com.unity.cinemachine/Editor/Samples/ExposeHDRPInternals/HDRP-Editor-ref.asmref has no target assembly definition
Begin MonoManager ReloadAssembly
- Loaded All Assemblies, in  0.659 seconds
Assembly reference Packages/com.unity.cinemachine/Editor/Samples/ExposeHDRPInternals/HDRP-Editor-ref.asmref has no target assembly definition
'Packages/com.unity.cinemachine/Editor/Obsolete/CinemachineVirtualCameraBaseEditor.cs' contains partial class of Unity.Object, exactly 1 of the partial classes needs to be in a file with the same filename. This is to know the one that can be referenced from ie. GameObjects
'Packages/com.unity.cinemachine/Editor/Editors/CinemachineVirtualCameraBaseEditor.cs' contains partial class of Unity.Object, exactly 1 of the partial classes needs to be in a file with the same filename. This is to know the one that can be referenced from ie. GameObjects
Refreshing native plugins compatible for Editor in 1.01 ms, found 3 plugins.
Native extension for WindowsStandalone target not found
Native extension for WebGL target not found
Assembly reference Packages/com.unity.cinemachine/Editor/Samples/ExposeHDRPInternals/HDRP-Editor-ref.asmref has no target assembly definition
[Package Manager] Failed to launch server process. Reason: Unity was launched with the -noUpm command-line argument
[Package Manager] Unable to send message (not connected to server process).
[Package Manager] Cannot connect to Unity Package Manager local server
Mono: successfully reloaded assembly
- Finished resetting the current domain, in  0.760 seconds
Domain Reload Profiling: 1419ms
	BeginReloadAssembly (177ms)
		ExecutionOrderSort (0ms)
		DisableScriptedObjects (5ms)
		BackupInstance (0ms)
		ReleaseScriptingObjects (0ms)
		CreateAndSetChildDomain (45ms)
	RebuildCommonClasses (30ms)
	RebuildNativeTypeToScriptingClass (10ms)
	initialDomainReloadingComplete (25ms)
	LoadAllAssembliesAndSetupDomain (416ms)
		LoadAssemblies (339ms)
		RebuildTransferFunctionScriptingTraits (0ms)
		AnalyzeDomain (168ms)
			TypeCache.Refresh (9ms)
				TypeCache.ScanAssembly (1ms)
			BuildScriptInfoCaches (142ms)
			ResolveRequiredComponents (12ms)
	FinalizeReload (760ms)
		ReleaseScriptCaches (0ms)
		RebuildScriptCaches (0ms)
		SetupLoadedEditorAssemblies (641ms)
			LogAssemblyErrors (0ms)
			InitializePlatformSupportModulesInManaged (3ms)
			SetLoadedEditorAssemblies (7ms)
			BeforeProcessingInitializeOnLoad (188ms)
			ProcessInitializeOnLoadAttributes (389ms)
			ProcessInitializeOnLoadMethodAttributes (49ms)
			AfterProcessingInitializeOnLoad (5ms)
			EditorAssembliesLoaded (0ms)
		ExecutionOrderSort2 (0ms)
		AwakeInstancesAfterBackupRestoration (5ms)
Refreshing native plugins compatible for Editor in 0.93 ms, found 3 plugins.
Preloading 0 native plugins for Editor in 0.00 ms.
Unloading 32 Unused Serialized files (Serialized files now loaded: 0)
Unloading 6414 unused Assets / (5.6 MB). Loaded Objects now: 7060.
Memory consumption went from 154.5 MB to 148.9 MB.
Total: 6.728600 ms (FindLiveObjects: 0.543500 ms CreateObjectMapping: 0.467100 ms MarkObjects: 3.548400 ms  DeleteObjects: 2.168700 ms)

Prepare: number of updated asset objects reloaded= 0
========================================================================
Received Import Request.
  Time since last request: 388.347511 seconds.
  path: Assets/TextMesh Pro/Examples & Extras/Resources/Fonts & Materials/Bangers SDF Logo.mat
  artifactKey: Guid(f4e195ac1e204eff960149d1cb34e18c) Importer(815301076,1909f56bfc062723c751e8b465ee728b)
Start importing Assets/TextMesh Pro/Examples & Extras/Resources/Fonts & Materials/Bangers SDF Logo.mat using Guid(f4e195ac1e204eff960149d1cb34e18c) Importer(815301076,1909f56bfc062723c751e8b465ee728b) (PreviewImporter) -> (artifact id: '5d270a7a9b48cdf2b419ee7734162f7d') in 0.1561658 seconds
Number of updated asset objects reloaded before import = 0Number of asset objects unloaded after import = 4

========================================================================
Received Import Request.
  Time since last request: 2.199159 seconds.
  path: Assets/AssedStore - Prefabs/Modular Tracks - Racing Tracks/Materials/mat_road_trim_a.mat
  artifactKey: Guid(1ac15b979befda1409c9951b19da1824) Importer(815301076,1909f56bfc062723c751e8b465ee728b)
Start importing Assets/AssedStore - Prefabs/Modular Tracks - Racing Tracks/Materials/mat_road_trim_a.mat using Guid(1ac15b979befda1409c9951b19da1824) Importer(815301076,1909f56bfc062723c751e8b465ee728b) (PreviewImporter) -> (artifact id: 'd24435d8f9c07d87df671f1c34726e70') in 0.0590768 seconds
Number of updated asset objects reloaded before import = 0Number of asset objects unloaded after import = 5

========================================================================
Received Import Request.
  Time since last request: 0.000017 seconds.
  path: Assets/AssedStore - Prefabs/Modular Tracks - Racing Tracks/Materials/mat_stadium.mat
  artifactKey: Guid(cd781cc4fffe73842aebc987af520834) Importer(815301076,1909f56bfc062723c751e8b465ee728b)
Start importing Assets/AssedStore - Prefabs/Modular Tracks - Racing Tracks/Materials/mat_stadium.mat using Guid(cd781cc4fffe73842aebc987af520834) Importer(815301076,1909f56bfc062723c751e8b465ee728b) (PreviewImporter) -> (artifact id: 'd826309a02195b6c7305407f9e142e23') in 0.0430912 seconds
Number of updated asset objects reloaded before import = 0Number of asset objects unloaded after import = 4

========================================================================
Received Import Request.
  Time since last request: 0.000015 seconds.
  path: Assets/AssedStore - Prefabs/Modular Tracks - Racing Tracks/Materials/mat_road_trim_mag.mat
  artifactKey: Guid(26d74d32492d1844aa69dd2e880a7bd5) Importer(815301076,1909f56bfc062723c751e8b465ee728b)
Start importing Assets/AssedStore - Prefabs/Modular Tracks - Racing Tracks/Materials/mat_road_trim_mag.mat using Guid(26d74d32492d1844aa69dd2e880a7bd5) Importer(815301076,1909f56bfc062723c751e8b465ee728b) (PreviewImporter) -> (artifact id: '583f4d2c30d42c224991c5768e7cc805') in 0.0371623 seconds
Number of updated asset objects reloaded before import = 0Number of asset objects unloaded after import = 5

========================================================================
Received Import Request.
  Time since last request: 0.000017 seconds.
  path: Assets/AssedStore - Prefabs/Modular Tracks - Racing Tracks/Materials/mat_road_trim_a - Copy.mat
  artifactKey: Guid(b0519d39afac5fd43953b7718071b4dc) Importer(815301076,1909f56bfc062723c751e8b465ee728b)
Start importing Assets/AssedStore - Prefabs/Modular Tracks - Racing Tracks/Materials/mat_road_trim_a - Copy.mat using Guid(b0519d39afac5fd43953b7718071b4dc) Importer(815301076,1909f56bfc062723c751e8b465ee728b) (PreviewImporter) -> (artifact id: 'da4279f83e4af742c3773b3fbc80332c') in 0.033785 seconds
Number of updated asset objects reloaded before import = 0Number of asset objects unloaded after import = 5

========================================================================
Received Import Request.
  Time since last request: 0.000172 seconds.
  path: Assets/AssedStore - Prefabs/Modular Tracks - Racing Tracks/Materials/mat_road_trim_b_night.mat
  artifactKey: Guid(2216ecd8867953644bc74c8633f7c1f3) Importer(815301076,1909f56bfc062723c751e8b465ee728b)
Start importing Assets/AssedStore - Prefabs/Modular Tracks - Racing Tracks/Materials/mat_road_trim_b_night.mat using Guid(2216ecd8867953644bc74c8633f7c1f3) Importer(815301076,1909f56bfc062723c751e8b465ee728b) (PreviewImporter) -> (artifact id: '92052ea6ad4c9f6dc897aee3f33658b3') in 0.0417735 seconds
Number of updated asset objects reloaded before import = 0Number of asset objects unloaded after import = 3

========================================================================
Received Import Request.
  Time since last request: 0.000014 seconds.
  path: Assets/AssedStore - Prefabs/Modular Tracks - Racing Tracks/Materials/mat_road_trim_a_night.mat
  artifactKey: Guid(a26092601f3996346a067dc5c976742b) Importer(815301076,1909f56bfc062723c751e8b465ee728b)
Start importing Assets/AssedStore - Prefabs/Modular Tracks - Racing Tracks/Materials/mat_road_trim_a_night.mat using Guid(a26092601f3996346a067dc5c976742b) Importer(815301076,1909f56bfc062723c751e8b465ee728b) (PreviewImporter) -> (artifact id: '10ce4af6d1900ec2962bad49d44a070f') in 0.0297164 seconds
Number of updated asset objects reloaded before import = 0Number of asset objects unloaded after import = 5

========================================================================
Received Import Request.
  Time since last request: 0.082227 seconds.
  path: Assets/AssedStore - Prefabs/Modular Tracks - Racing Tracks/Materials/mat_stadium_emissives_night.mat
  artifactKey: Guid(01d3615b23c107d4eb19ced316f8be2f) Importer(815301076,1909f56bfc062723c751e8b465ee728b)
Start importing Assets/AssedStore - Prefabs/Modular Tracks - Racing Tracks/Materials/mat_stadium_emissives_night.mat using Guid(01d3615b23c107d4eb19ced316f8be2f) Importer(815301076,1909f56bfc062723c751e8b465ee728b) (PreviewImporter) -> (artifact id: 'ed5c225ddbcec0f958ab76fd5e0ddeed') in 0.0252531 seconds
Number of updated asset objects reloaded before import = 0Number of asset objects unloaded after import = 3

========================================================================
Received Import Request.
  Time since last request: 0.000019 seconds.
  path: Assets/AssedStore - Prefabs/Modular Tracks - Racing Tracks/Materials/mat_stadium_lights_night.mat
  artifactKey: Guid(e7819c7fc64beb546b3ebe9c93bacc0f) Importer(815301076,1909f56bfc062723c751e8b465ee728b)
Start importing Assets/AssedStore - Prefabs/Modular Tracks - Racing Tracks/Materials/mat_stadium_lights_night.mat using Guid(e7819c7fc64beb546b3ebe9c93bacc0f) Importer(815301076,1909f56bfc062723c751e8b465ee728b) (PreviewImporter) -> (artifact id: '7aa92cfeb14ae76565cc14d58601d85a') in 0.008701 seconds
Number of updated asset objects reloaded before import = 0Number of asset objects unloaded after import = 3

========================================================================
Received Import Request.
  Time since last request: 0.000145 seconds.
  path: Assets/AssedStore - Prefabs/Modular Tracks - Racing Tracks/Materials/mat_trench_walls.mat
  artifactKey: Guid(df8bbe4b12312ab489bb8cb90e8e9156) Importer(815301076,1909f56bfc062723c751e8b465ee728b)
Start importing Assets/AssedStore - Prefabs/Modular Tracks - Racing Tracks/Materials/mat_trench_walls.mat using Guid(df8bbe4b12312ab489bb8cb90e8e9156) Importer(815301076,1909f56bfc062723c751e8b465ee728b) (PreviewImporter) -> (artifact id: 'a6992fd42878ecb39b06d87d4eef8d54') in 0.0919502 seconds
Number of updated asset objects reloaded before import = 0Number of asset objects unloaded after import = 4

========================================================================
Received Import Request.
  Time since last request: 0.000085 seconds.
  path: Assets/AssedStore - Prefabs/Modular Tracks - Racing Tracks/Materials/mat_supports_standard_expert_1.mat
  artifactKey: Guid(9cb2d31859abff6459982fa1608bead8) Importer(815301076,1909f56bfc062723c751e8b465ee728b)
Start importing Assets/AssedStore - Prefabs/Modular Tracks - Racing Tracks/Materials/mat_supports_standard_expert_1.mat using Guid(9cb2d31859abff6459982fa1608bead8) Importer(815301076,1909f56bfc062723c751e8b465ee728b) (PreviewImporter) -> (artifact id: '80329de58f7e6cfcf8140d7edb07ef29') in 0.0300767 seconds
Number of updated asset objects reloaded before import = 0Number of asset objects unloaded after import = 4

========================================================================
Received Import Request.
  Time since last request: 0.000019 seconds.
  path: Assets/AssedStore - Prefabs/Modular Tracks - Racing Tracks/Materials/mat_stadium_lights_night_1.mat
  artifactKey: Guid(262e45818bc3ee04590ae834e94966b0) Importer(815301076,1909f56bfc062723c751e8b465ee728b)
Start importing Assets/AssedStore - Prefabs/Modular Tracks - Racing Tracks/Materials/mat_stadium_lights_night_1.mat using Guid(262e45818bc3ee04590ae834e94966b0) Importer(815301076,1909f56bfc062723c751e8b465ee728b) (PreviewImporter) -> (artifact id: '5d9fa59425b3d6dfbab158062bbaee0c') in 0.0088358 seconds
Number of updated asset objects reloaded before import = 0Number of asset objects unloaded after import = 3

========================================================================
Received Import Request.
  Time since last request: 0.000016 seconds.
  path: Assets/AssedStore - Prefabs/Modular Tracks - Racing Tracks/Materials/mat_supports_standard_medium_2.mat
  artifactKey: Guid(1c87a228040ab4147903ee6a949a61dd) Importer(815301076,1909f56bfc062723c751e8b465ee728b)
Start importing Assets/AssedStore - Prefabs/Modular Tracks - Racing Tracks/Materials/mat_supports_standard_medium_2.mat using Guid(1c87a228040ab4147903ee6a949a61dd) Importer(815301076,1909f56bfc062723c751e8b465ee728b) (PreviewImporter) -> (artifact id: '2bcaa9263e53c1bf6d3d45d0ada3c38f') in 0.0256204 seconds
Number of updated asset objects reloaded before import = 0Number of asset objects unloaded after import = 4

========================================================================
Received Import Request.
  Time since last request: 0.000016 seconds.
  path: Assets/AssedStore - Prefabs/Modular Tracks - Racing Tracks/Materials/mat_supports_standard_hard.mat
  artifactKey: Guid(75cb0518c3351724cb72908c55f7e320) Importer(815301076,1909f56bfc062723c751e8b465ee728b)
Start importing Assets/AssedStore - Prefabs/Modular Tracks - Racing Tracks/Materials/mat_supports_standard_hard.mat using Guid(75cb0518c3351724cb72908c55f7e320) Importer(815301076,1909f56bfc062723c751e8b465ee728b) (PreviewImporter) -> (artifact id: '17af7055ac48885e7b9cbc52466dd24e') in 0.0271322 seconds
Number of updated asset objects reloaded before import = 0Number of asset objects unloaded after import = 4

========================================================================
Received Import Request.
  Time since last request: 0.000016 seconds.
  path: Assets/AssedStore - Prefabs/Modular Tracks - Racing Tracks/Materials/mat_supports_standard_medium_1.mat
  artifactKey: Guid(10057e020deab5b4db2c5765df8d7a15) Importer(815301076,1909f56bfc062723c751e8b465ee728b)
Start importing Assets/AssedStore - Prefabs/Modular Tracks - Racing Tracks/Materials/mat_supports_standard_medium_1.mat using Guid(10057e020deab5b4db2c5765df8d7a15) Importer(815301076,1909f56bfc062723c751e8b465ee728b) (PreviewImporter) -> (artifact id: '936c5f49c1879d58bd899ba19c7e89c1') in 0.0246956 seconds
Number of updated asset objects reloaded before import = 0Number of asset objects unloaded after import = 4

========================================================================
Received Import Request.
  Time since last request: 0.000025 seconds.
  path: Assets/AssedStore - Prefabs/Modular Tracks - Racing Tracks/Materials/mat_tent.mat
  artifactKey: Guid(6b68e74cf79bb3044807661c128ecd56) Importer(815301076,1909f56bfc062723c751e8b465ee728b)
Start importing Assets/AssedStore - Prefabs/Modular Tracks - Racing Tracks/Materials/mat_tent.mat using Guid(6b68e74cf79bb3044807661c128ecd56) Importer(815301076,1909f56bfc062723c751e8b465ee728b) (PreviewImporter) -> (artifact id: '9cf72fe20ad24003183132af23f3674a') in 0.02224 seconds
Number of updated asset objects reloaded before import = 0Number of asset objects unloaded after import = 2

========================================================================
Received Import Request.
  Time since last request: 0.000015 seconds.
  path: Assets/AssedStore - Prefabs/Modular Tracks - Racing Tracks/Materials/mat_trench_walls_night_expert.mat
  artifactKey: Guid(6a477598f00a71249b580374854a327e) Importer(815301076,1909f56bfc062723c751e8b465ee728b)
Start importing Assets/AssedStore - Prefabs/Modular Tracks - Racing Tracks/Materials/mat_trench_walls_night_expert.mat using Guid(6a477598f00a71249b580374854a327e) Importer(815301076,1909f56bfc062723c751e8b465ee728b) (PreviewImporter) -> (artifact id: 'c19a9ea3dac789b0540c6c0cfe3e3cd2') in 0.0419497 seconds
Number of updated asset objects reloaded before import = 0Number of asset objects unloaded after import = 4

========================================================================
Received Import Request.
  Time since last request: 0.000018 seconds.
  path: Assets/AssedStore - Prefabs/Modular Tracks - Racing Tracks/Materials/mat_startfinish_gate_led.mat
  artifactKey: Guid(b18041cc8429a6b41bd1b30a5d5b8c13) Importer(815301076,1909f56bfc062723c751e8b465ee728b)
Start importing Assets/AssedStore - Prefabs/Modular Tracks - Racing Tracks/Materials/mat_startfinish_gate_led.mat using Guid(b18041cc8429a6b41bd1b30a5d5b8c13) Importer(815301076,1909f56bfc062723c751e8b465ee728b) (PreviewImporter) -> (artifact id: 'f84f044f00559d7332ef056bc7f04855') in 0.0185678 seconds
Number of updated asset objects reloaded before import = 0Number of asset objects unloaded after import = 2

========================================================================
Received Import Request.
  Time since last request: 0.562953 seconds.
  path: Assets/AssedStore - Prefabs/Modular Tracks - Racing Tracks/Materials/mat_tunnel_common.mat
  artifactKey: Guid(55027d524482db4468460bdafcba7b60) Importer(815301076,1909f56bfc062723c751e8b465ee728b)
Start importing Assets/AssedStore - Prefabs/Modular Tracks - Racing Tracks/Materials/mat_tunnel_common.mat using Guid(55027d524482db4468460bdafcba7b60) Importer(815301076,1909f56bfc062723c751e8b465ee728b) (PreviewImporter) -> (artifact id: '6053114414796695d0dd5367d2cd41ec') in 0.0446869 seconds
Number of updated asset objects reloaded before import = 0Number of asset objects unloaded after import = 4

========================================================================
Received Import Request.
  Time since last request: 0.000085 seconds.
  path: Assets/AssedStore - Prefabs/Modular Tracks - Racing Tracks/Materials/Obstacle_Frame.mat
  artifactKey: Guid(8fc69fc24bc52364fb23c3a0d41f62d5) Importer(815301076,1909f56bfc062723c751e8b465ee728b)
Start importing Assets/AssedStore - Prefabs/Modular Tracks - Racing Tracks/Materials/Obstacle_Frame.mat using Guid(8fc69fc24bc52364fb23c3a0d41f62d5) Importer(815301076,1909f56bfc062723c751e8b465ee728b) (PreviewImporter) -> (artifact id: '4ce6cc586bb1dd2b628205574752fd1c') in 0.0239918 seconds
Number of updated asset objects reloaded before import = 0Number of asset objects unloaded after import = 4

========================================================================
Received Import Request.
  Time since last request: 0.000015 seconds.
  path: Assets/AssedStore - Prefabs/Modular Tracks - Racing Tracks/Materials/Obstacle_Frame_Night.mat
  artifactKey: Guid(600352bad46af9c4b86b145cea1c0a59) Importer(815301076,1909f56bfc062723c751e8b465ee728b)
Start importing Assets/AssedStore - Prefabs/Modular Tracks - Racing Tracks/Materials/Obstacle_Frame_Night.mat using Guid(600352bad46af9c4b86b145cea1c0a59) Importer(815301076,1909f56bfc062723c751e8b465ee728b) (PreviewImporter) -> (artifact id: '39d696af671aa3d890eab9dcaefcc989') in 0.022676 seconds
Number of updated asset objects reloaded before import = 0Number of asset objects unloaded after import = 4

========================================================================
Received Import Request.
  Time since last request: 0.000032 seconds.
  path: Assets/AssedStore - Prefabs/Modular Tracks - Racing Tracks/Materials/Pillar_Padding_1.mat
  artifactKey: Guid(b689eff7ffd94ed438d070fdbf2de4cf) Importer(815301076,1909f56bfc062723c751e8b465ee728b)
Start importing Assets/AssedStore - Prefabs/Modular Tracks - Racing Tracks/Materials/Pillar_Padding_1.mat using Guid(b689eff7ffd94ed438d070fdbf2de4cf) Importer(815301076,1909f56bfc062723c751e8b465ee728b) (PreviewImporter) -> (artifact id: '5f6388d4be71c2e537dc5565b1bb93a6') in 0.0284181 seconds
Number of updated asset objects reloaded before import = 0Number of asset objects unloaded after import = 4

========================================================================
Received Import Request.
  Time since last request: 0.000017 seconds.
  path: Assets/AssedStore - Prefabs/Modular Tracks - Racing Tracks/Materials/Obstacle_Frame_1.mat
  artifactKey: Guid(1043c0eb14abdab459199a867d71954a) Importer(815301076,1909f56bfc062723c751e8b465ee728b)
Start importing Assets/AssedStore - Prefabs/Modular Tracks - Racing Tracks/Materials/Obstacle_Frame_1.mat using Guid(1043c0eb14abdab459199a867d71954a) Importer(815301076,1909f56bfc062723c751e8b465ee728b) (PreviewImporter) -> (artifact id: '501ae09e37002edcf87533b86aa310ec') in 0.0187352 seconds
Number of updated asset objects reloaded before import = 0Number of asset objects unloaded after import = 4

========================================================================
Received Import Request.
  Time since last request: 0.219669 seconds.
  path: Assets/TextMesh Pro/Examples & Extras/Resources/Fonts & Materials/Roboto-Bold SDF - HDRP Unlit.mat
  artifactKey: Guid(2ddca8f46aa0838419d568affb0ca6b4) Importer(815301076,1909f56bfc062723c751e8b465ee728b)
Start importing Assets/TextMesh Pro/Examples & Extras/Resources/Fonts & Materials/Roboto-Bold SDF - HDRP Unlit.mat using Guid(2ddca8f46aa0838419d568affb0ca6b4) Importer(815301076,1909f56bfc062723c751e8b465ee728b) (PreviewImporter) -> (artifact id: '2d1fe0c4d679c72dc59e4685e104d905') in 0.0110275 seconds
Number of updated asset objects reloaded before import = 0Number of asset objects unloaded after import = 4

========================================================================
Received Import Request.
  Time since last request: 1.443576 seconds.
  path: Assets/AssedStore - Prefabs/ZeroGrid/Stylize Vehicles - Complete Edition/Materials/VEH9.mat
  artifactKey: Guid(9adce0a3968b2a142978d8a08da09192) Importer(815301076,1909f56bfc062723c751e8b465ee728b)
Start importing Assets/AssedStore - Prefabs/ZeroGrid/Stylize Vehicles - Complete Edition/Materials/VEH9.mat using Guid(9adce0a3968b2a142978d8a08da09192) Importer(815301076,1909f56bfc062723c751e8b465ee728b) (PreviewImporter) -> (artifact id: 'ac008f4b1b4bceeb9e1d886f86314cc5') in 0.0248944 seconds
Number of updated asset objects reloaded before import = 0Number of asset objects unloaded after import = 3

========================================================================
Received Import Request.
  Time since last request: 0.000022 seconds.
  path: Assets/AssedStore - Prefabs/ZeroGrid/Stylize Vehicles - Complete Edition/Materials/VEH13.mat
  artifactKey: Guid(5337e329294632049bd093bd4add00bf) Importer(815301076,1909f56bfc062723c751e8b465ee728b)
Start importing Assets/AssedStore - Prefabs/ZeroGrid/Stylize Vehicles - Complete Edition/Materials/VEH13.mat using Guid(5337e329294632049bd093bd4add00bf) Importer(815301076,1909f56bfc062723c751e8b465ee728b) (PreviewImporter) -> (artifact id: '5d00be220c420bcfd3925c6720c19929') in 0.0215835 seconds
Number of updated asset objects reloaded before import = 0Number of asset objects unloaded after import = 3

========================================================================
Received Import Request.
  Time since last request: 0.000048 seconds.
  path: Assets/AssedStore - Prefabs/ZeroGrid/Stylize Vehicles - Complete Edition/Materials/VEH11.mat
  artifactKey: Guid(8fc4d849a83e909418b5481522fb8666) Importer(815301076,1909f56bfc062723c751e8b465ee728b)
Start importing Assets/AssedStore - Prefabs/ZeroGrid/Stylize Vehicles - Complete Edition/Materials/VEH11.mat using Guid(8fc4d849a83e909418b5481522fb8666) Importer(815301076,1909f56bfc062723c751e8b465ee728b) (PreviewImporter) -> (artifact id: 'f878a1fd280889334c75364ffb0288c4') in 0.0207345 seconds
Number of updated asset objects reloaded before import = 0Number of asset objects unloaded after import = 3

========================================================================
Received Import Request.
  Time since last request: 0.036675 seconds.
  path: Assets/AssedStore - Prefabs/ZeroGrid/Stylize Vehicles - Complete Edition/Materials/VEH16.mat
  artifactKey: Guid(a1c82b8f1dfed644cb1add643e1f9567) Importer(815301076,1909f56bfc062723c751e8b465ee728b)
Start importing Assets/AssedStore - Prefabs/ZeroGrid/Stylize Vehicles - Complete Edition/Materials/VEH16.mat using Guid(a1c82b8f1dfed644cb1add643e1f9567) Importer(815301076,1909f56bfc062723c751e8b465ee728b) (PreviewImporter) -> (artifact id: 'efbf5a9c348df406f46a6c9110128c0a') in 0.0226567 seconds
Number of updated asset objects reloaded before import = 0Number of asset objects unloaded after import = 3

========================================================================
Received Import Request.
  Time since last request: 0.000014 seconds.
  path: Assets/AssedStore - Prefabs/ZeroGrid/Stylize Vehicles - Complete Edition/Materials/VEH17.mat
  artifactKey: Guid(0720948133a531a44b1848baae29551e) Importer(815301076,1909f56bfc062723c751e8b465ee728b)
Start importing Assets/AssedStore - Prefabs/ZeroGrid/Stylize Vehicles - Complete Edition/Materials/VEH17.mat using Guid(0720948133a531a44b1848baae29551e) Importer(815301076,1909f56bfc062723c751e8b465ee728b) (PreviewImporter) -> (artifact id: '18dc1772324866038b53e5b18fe87dba') in 0.0202629 seconds
Number of updated asset objects reloaded before import = 0Number of asset objects unloaded after import = 3

========================================================================
Received Import Request.
  Time since last request: 0.000018 seconds.
  path: Assets/AssedStore - Prefabs/ZeroGrid/Stylize Vehicles - Complete Edition/Materials/VEH18.mat
  artifactKey: Guid(604c63e7de9ea74488143550cba3ae82) Importer(815301076,1909f56bfc062723c751e8b465ee728b)
Start importing Assets/AssedStore - Prefabs/ZeroGrid/Stylize Vehicles - Complete Edition/Materials/VEH18.mat using Guid(604c63e7de9ea74488143550cba3ae82) Importer(815301076,1909f56bfc062723c751e8b465ee728b) (PreviewImporter) -> (artifact id: '639c232ef5852e1116d3026fc61d6b88') in 0.0211461 seconds
Number of updated asset objects reloaded before import = 0Number of asset objects unloaded after import = 3

========================================================================
Received Import Request.
  Time since last request: 0.000028 seconds.
  path: Assets/AssedStore - Prefabs/ZeroGrid/Stylize Vehicles - Complete Edition/Materials/VEH20.mat
  artifactKey: Guid(c7c93f535ad1f6f40903815ae64b5bb4) Importer(815301076,1909f56bfc062723c751e8b465ee728b)
Start importing Assets/AssedStore - Prefabs/ZeroGrid/Stylize Vehicles - Complete Edition/Materials/VEH20.mat using Guid(c7c93f535ad1f6f40903815ae64b5bb4) Importer(815301076,1909f56bfc062723c751e8b465ee728b) (PreviewImporter) -> (artifact id: 'd0b5cd724a6c7556dfab968333e9185d') in 0.0206 seconds
Number of updated asset objects reloaded before import = 0Number of asset objects unloaded after import = 3

========================================================================
Received Import Request.
  Time since last request: 0.722402 seconds.
  path: Assets/AssedStore - Prefabs/ZeroGrid/Stylize Vehicles - Complete Edition/Materials/VEH24.mat
  artifactKey: Guid(5b621867f65dbe049825b9721556a255) Importer(815301076,1909f56bfc062723c751e8b465ee728b)
Start importing Assets/AssedStore - Prefabs/ZeroGrid/Stylize Vehicles - Complete Edition/Materials/VEH24.mat using Guid(5b621867f65dbe049825b9721556a255) Importer(815301076,1909f56bfc062723c751e8b465ee728b) (PreviewImporter) -> (artifact id: '8bc777509dfb18ddea873af55a8754aa') in 0.0236765 seconds
Number of updated asset objects reloaded before import = 0Number of asset objects unloaded after import = 3

========================================================================
Received Import Request.
  Time since last request: 0.000018 seconds.
  path: Assets/AssedStore - Prefabs/LowpolyStyle/Shared Materials and Textures/WaterMaterial.mat
  artifactKey: Guid(a17ac93b72971df41a434b88ed925449) Importer(815301076,1909f56bfc062723c751e8b465ee728b)
Start importing Assets/AssedStore - Prefabs/LowpolyStyle/Shared Materials and Textures/WaterMaterial.mat using Guid(a17ac93b72971df41a434b88ed925449) Importer(815301076,1909f56bfc062723c751e8b465ee728b) (PreviewImporter) -> (artifact id: '4678ed07369d7f0b3db16ee87dbe44a2') in 0.0228813 seconds
Number of updated asset objects reloaded before import = 0Number of asset objects unloaded after import = 2

========================================================================
Received Import Request.
  Time since last request: 193.022048 seconds.
  path: Assets/Rowlan/Terrain/Stamps/Examples/Heightmaps/Rock Shapes 22.png
  artifactKey: Guid(70f4c2af40692ce46b6a7490560e77eb) Importer(815301076,1909f56bfc062723c751e8b465ee728b)
Start importing Assets/Rowlan/Terrain/Stamps/Examples/Heightmaps/Rock Shapes 22.png using Guid(70f4c2af40692ce46b6a7490560e77eb) Importer(815301076,1909f56bfc062723c751e8b465ee728b) (PreviewImporter) -> (artifact id: '4508cdd308c026a140b40a4aa880426e') in 0.1056158 seconds
Number of updated asset objects reloaded before import = 0Number of asset objects unloaded after import = 2

========================================================================
Received Import Request.
  Time since last request: 0.000037 seconds.
  path: Assets/Rowlan/Terrain/Stamps/Examples/Heightmaps/Rugged Sedimented Rocks 08.png
  artifactKey: Guid(67db62e931a50534dbf9057bc400e718) Importer(815301076,1909f56bfc062723c751e8b465ee728b)
Start importing Assets/Rowlan/Terrain/Stamps/Examples/Heightmaps/Rugged Sedimented Rocks 08.png using Guid(67db62e931a50534dbf9057bc400e718) Importer(815301076,1909f56bfc062723c751e8b465ee728b) (PreviewImporter) -> (artifact id: 'e0964da05eda8753230aa304cbae3b6a') in 0.076478 seconds
Number of updated asset objects reloaded before import = 0Number of asset objects unloaded after import = 2

========================================================================
Received Import Request.
  Time since last request: 0.000025 seconds.
  path: Assets/Rowlan/Terrain/Stamps/Examples/Heightmaps/Stranger Lands 06.png
  artifactKey: Guid(949265e8b28bd6e48af4e592d907f926) Importer(815301076,1909f56bfc062723c751e8b465ee728b)
Start importing Assets/Rowlan/Terrain/Stamps/Examples/Heightmaps/Stranger Lands 06.png using Guid(949265e8b28bd6e48af4e592d907f926) Importer(815301076,1909f56bfc062723c751e8b465ee728b) (PreviewImporter) -> (artifact id: 'a09cccfb0c7e86e8d75ea46253c4db69') in 0.0402402 seconds
Number of updated asset objects reloaded before import = 0Number of asset objects unloaded after import = 2

========================================================================
Received Import Request.
  Time since last request: 0.000036 seconds.
  path: Assets/Rowlan/Terrain/Stamps/Examples/Heightmaps/Rugged Sedimented Rocks 24.png
  artifactKey: Guid(30562f4afbd3dcf4a954cd42314b9e03) Importer(815301076,1909f56bfc062723c751e8b465ee728b)
Start importing Assets/Rowlan/Terrain/Stamps/Examples/Heightmaps/Rugged Sedimented Rocks 24.png using Guid(30562f4afbd3dcf4a954cd42314b9e03) Importer(815301076,1909f56bfc062723c751e8b465ee728b) (PreviewImporter) -> (artifact id: '8362bb9bca5b787617fb4f2395213f99') in 0.0681814 seconds
Number of updated asset objects reloaded before import = 0Number of asset objects unloaded after import = 2

========================================================================
Received Import Request.
  Time since last request: 0.000020 seconds.
  path: Assets/Rowlan/Terrain/Stamps/Examples/Heightmaps/Steep Rocky Cliffs 14.png
  artifactKey: Guid(f39aed14789cb94428488f5ff6e56ccd) Importer(815301076,1909f56bfc062723c751e8b465ee728b)
Start importing Assets/Rowlan/Terrain/Stamps/Examples/Heightmaps/Steep Rocky Cliffs 14.png using Guid(f39aed14789cb94428488f5ff6e56ccd) Importer(815301076,1909f56bfc062723c751e8b465ee728b) (PreviewImporter) -> (artifact id: 'f480e1e1a90a8cb2cce7c9de2a193e74') in 0.0700947 seconds
Number of updated asset objects reloaded before import = 0Number of asset objects unloaded after import = 2

========================================================================
Received Import Request.
  Time since last request: 0.000029 seconds.
  path: Assets/Rowlan/Terrain/Stamps/Examples/Heightmaps/Rocky Desert 01.png
  artifactKey: Guid(3b251cd825315b147b9e2be47b0cd9cf) Importer(815301076,1909f56bfc062723c751e8b465ee728b)
Start importing Assets/Rowlan/Terrain/Stamps/Examples/Heightmaps/Rocky Desert 01.png using Guid(3b251cd825315b147b9e2be47b0cd9cf) Importer(815301076,1909f56bfc062723c751e8b465ee728b) (PreviewImporter) -> (artifact id: '35dec4d43c5d9145e2a4d02740aac1d9') in 0.0522108 seconds
Number of updated asset objects reloaded before import = 0Number of asset objects unloaded after import = 2

========================================================================
Received Import Request.
  Time since last request: 0.000026 seconds.
  path: Assets/Rowlan/Terrain/Stamps/Examples/Heightmaps/Rugged Rocks 02.png
  artifactKey: Guid(e175b355d078a0343a0e100c00c7df64) Importer(815301076,1909f56bfc062723c751e8b465ee728b)
Start importing Assets/Rowlan/Terrain/Stamps/Examples/Heightmaps/Rugged Rocks 02.png using Guid(e175b355d078a0343a0e100c00c7df64) Importer(815301076,1909f56bfc062723c751e8b465ee728b) (PreviewImporter) -> (artifact id: 'd7e9e8e0329ccad61de53036fa7c2e70') in 0.0687568 seconds
Number of updated asset objects reloaded before import = 0Number of asset objects unloaded after import = 2

========================================================================
Received Import Request.
  Time since last request: 0.000044 seconds.
  path: Assets/Rowlan/Terrain/Stamps/Examples/Heightmaps/Rough Cliffs 18.png
  artifactKey: Guid(dd63756ea8db5b64c8ac6692f649d83f) Importer(815301076,1909f56bfc062723c751e8b465ee728b)
Start importing Assets/Rowlan/Terrain/Stamps/Examples/Heightmaps/Rough Cliffs 18.png using Guid(dd63756ea8db5b64c8ac6692f649d83f) Importer(815301076,1909f56bfc062723c751e8b465ee728b) (PreviewImporter) -> (artifact id: 'e18e2e5e3cbb85a89bc099b13caecdf7') in 0.0561701 seconds
Number of updated asset objects reloaded before import = 0Number of asset objects unloaded after import = 2

========================================================================
Received Import Request.
  Time since last request: 0.000022 seconds.
  path: Assets/Rowlan/Terrain/Stamps/Examples/Heightmaps/Rocky Plateaus 01.png
  artifactKey: Guid(69464108deb167e48b5748cea2aa3bf9) Importer(815301076,1909f56bfc062723c751e8b465ee728b)
Start importing Assets/Rowlan/Terrain/Stamps/Examples/Heightmaps/Rocky Plateaus 01.png using Guid(69464108deb167e48b5748cea2aa3bf9) Importer(815301076,1909f56bfc062723c751e8b465ee728b) (PreviewImporter) -> (artifact id: '3c7594c8b022a2808a22d58b2dae2224') in 0.0648608 seconds
Number of updated asset objects reloaded before import = 0Number of asset objects unloaded after import = 2

========================================================================
Received Import Request.
  Time since last request: 0.000025 seconds.
  path: Assets/Rowlan/Terrain/Stamps/Examples/Heightmaps/Terraced Cliffs Drake.png
  artifactKey: Guid(62b8e4b37a1d65844acfbd6fc36a8eee) Importer(815301076,1909f56bfc062723c751e8b465ee728b)
Start importing Assets/Rowlan/Terrain/Stamps/Examples/Heightmaps/Terraced Cliffs Drake.png using Guid(62b8e4b37a1d65844acfbd6fc36a8eee) Importer(815301076,1909f56bfc062723c751e8b465ee728b) (PreviewImporter) -> (artifact id: '1f28edebb2eef46a21f9c30daed8e22c') in 0.0587632 seconds
Number of updated asset objects reloaded before import = 0Number of asset objects unloaded after import = 2

========================================================================
Received Import Request.
  Time since last request: 0.000029 seconds.
  path: Assets/Rowlan/Terrain/Stamps/Examples/Heightmaps/Rugged Shapes 12.png
  artifactKey: Guid(a8ef5130c92ad5441be988178f1c3093) Importer(815301076,1909f56bfc062723c751e8b465ee728b)
Start importing Assets/Rowlan/Terrain/Stamps/Examples/Heightmaps/Rugged Shapes 12.png using Guid(a8ef5130c92ad5441be988178f1c3093) Importer(815301076,1909f56bfc062723c751e8b465ee728b) (PreviewImporter) -> (artifact id: 'b319fdb93513d7056ff8b969f65196f9') in 0.0669498 seconds
Number of updated asset objects reloaded before import = 0Number of asset objects unloaded after import = 2

========================================================================
Received Import Request.
  Time since last request: 0.000027 seconds.
  path: Assets/Rowlan/Terrain/Stamps/Examples/Heightmaps/Terraced Cliffs 06.png
  artifactKey: Guid(ab1ea7de3b614e84fa311f2b63ea02c7) Importer(815301076,1909f56bfc062723c751e8b465ee728b)
Start importing Assets/Rowlan/Terrain/Stamps/Examples/Heightmaps/Terraced Cliffs 06.png using Guid(ab1ea7de3b614e84fa311f2b63ea02c7) Importer(815301076,1909f56bfc062723c751e8b465ee728b) (PreviewImporter) -> (artifact id: '45b746fd13bcf436b9e007e88077128f') in 0.0549114 seconds
Number of updated asset objects reloaded before import = 0Number of asset objects unloaded after import = 2

Editor requested this worker to shutdown with reason: Scaling down because of idle timeout
AssetImportWorker is now disconnected from the server
Process exiting
Exiting without the bug reporter. Application will terminate with return code 0