Using pre-set license
Built from '6000.0/staging' branch; Version is '6000.0.41f1 (46e447368a18) revision 4645959'; Using compiler version '193933523'; Build Type 'Release'
OS: 'Windows 11  (10.0.26100) 64bit Core' Language: 'ru' Physical Memory: 16070 MB
BatchMode: 1, IsHumanControllingUs: 0, StartBugReporterOnCrash: 0, Is64bit: 1, IsPro: 1

COMMAND LINE ARGUMENTS:
C:\Program Files\Unity\Hub\Editor\6000.0.41f1\Editor\Unity.exe
-adb2
-batchMode
-noUpm
-name
AssetImportWorker4
-projectPath
C:/Game_Unity_Car-2/Car-2/Game_Car-2
-logFile
Logs/AssetImportWorker4.log
-srvPort
57370
-job-worker-count
7
-background-job-worker-count
8
-gc-helper-count
1
Successfully changed project path to: C:/Game_Unity_Car-2/Car-2/Game_Car-2
C:/Game_Unity_Car-2/Car-2/Game_Car-2
[UnityMemory] Configuration Parameters - Can be set up in boot.config
    "memorysetup-bucket-allocator-granularity=16"
    "memorysetup-bucket-allocator-bucket-count=8"
    "memorysetup-bucket-allocator-block-size=33554432"
    "memorysetup-bucket-allocator-block-count=8"
    "memorysetup-main-allocator-block-size=16777216"
    "memorysetup-thread-allocator-block-size=16777216"
    "memorysetup-gfx-main-allocator-block-size=16777216"
    "memorysetup-gfx-thread-allocator-block-size=16777216"
    "memorysetup-cache-allocator-block-size=4194304"
    "memorysetup-typetree-allocator-block-size=2097152"
    "memorysetup-profiler-bucket-allocator-granularity=16"
    "memorysetup-profiler-bucket-allocator-bucket-count=8"
    "memorysetup-profiler-bucket-allocator-block-size=33554432"
    "memorysetup-profiler-bucket-allocator-block-count=8"
    "memorysetup-profiler-allocator-block-size=16777216"
    "memorysetup-profiler-editor-allocator-block-size=1048576"
    "memorysetup-temp-allocator-size-main=16777216"
    "memorysetup-job-temp-allocator-block-size=2097152"
    "memorysetup-job-temp-allocator-block-size-background=1048576"
    "memorysetup-job-temp-allocator-reduction-small-platforms=262144"
    "memorysetup-allocator-temp-initial-block-size-main=262144"
    "memorysetup-allocator-temp-initial-block-size-worker=262144"
    "memorysetup-temp-allocator-size-background-worker=32768"
    "memorysetup-temp-allocator-size-job-worker=262144"
    "memorysetup-temp-allocator-size-preload-manager=33554432"
    "memorysetup-temp-allocator-size-nav-mesh-worker=65536"
    "memorysetup-temp-allocator-size-audio-worker=65536"
    "memorysetup-temp-allocator-size-cloud-worker=32768"
    "memorysetup-temp-allocator-size-gi-baking-worker=262144"
    "memorysetup-temp-allocator-size-gi-baking-worker=262144"
    "memorysetup-temp-allocator-size-gi-baking-worker=262144"
    "memorysetup-temp-allocator-size-gi-baking-worker=262144"
    "memorysetup-temp-allocator-size-gi-baking-worker=262144"
    "memorysetup-temp-allocator-size-gfx=262144"
Player connection [13792]  Target information:

Player connection [13792]  * "[IP] 192.168.1.24 [Port] 0 [Flags] 2 [Guid] 1302881316 [EditorId] 1302881316 [Version] 1048832 [Id] WindowsEditor(7,LAPTOP-TS10LTIF) [Debug] 1 [PackageName] WindowsEditor [ProjectName] Editor" 

Player connection [13792] Host joined multi-casting on [225.0.0.222:54997]...
Player connection [13792] Host joined alternative multi-casting on [225.0.0.222:34997]...
JobSystem: Creating JobQueue using job-worker-count value 7
Input System module state changed to: Initialized.
[Physics::Module] Initialized fallback backend.
[Physics::Module] Id: 0xdecafbad
Library Redirect Path: Library/
[Physics::Module] Selected backend.
[Physics::Module] Name: PhysX
[Physics::Module] Id: 0xf2b8ea05
[Physics::Module] SDK Version: 4.1.2
[Physics::Module] Integration Version: 1.0.0
[Physics::Module] Threading Mode: Multi-Threaded
Refreshing native plugins compatible for Editor in 2.08 ms, found 3 plugins.
Preloading 0 native plugins for Editor in 0.00 ms.
Initialize engine version: 6000.0.41f1 (46e447368a18)
[Subsystems] Discovering subsystems at path C:/Program Files/Unity/Hub/Editor/6000.0.41f1/Editor/Data/Resources/UnitySubsystems
[Subsystems] Discovering subsystems at path C:/Game_Unity_Car-2/Car-2/Game_Car-2/Assets
GfxDevice: creating device client; kGfxThreadingModeNonThreaded
Direct3D:
    Version:  Direct3D 11.0 [level 11.1]
    Renderer: NVIDIA GeForce RTX 4060 Laptop GPU (ID=0x28a0)
    Vendor:   NVIDIA
    VRAM:     7957 MB
    Driver:   32.0.15.6590
Initialize mono
Mono path[0] = 'C:/Program Files/Unity/Hub/Editor/6000.0.41f1/Editor/Data/Managed'
Mono path[1] = 'C:/Program Files/Unity/Hub/Editor/6000.0.41f1/Editor/Data/MonoBleedingEdge/lib/mono/unityjit-win32'
Mono config path = 'C:/Program Files/Unity/Hub/Editor/6000.0.41f1/Editor/Data/MonoBleedingEdge/etc'
Using monoOptions --debugger-agent=transport=dt_socket,embedding=1,server=y,suspend=n,address=127.0.0.1:56844
Begin MonoManager ReloadAssembly
Registering precompiled unity dll's ...
Register platform support module: C:/Program Files/Unity/Hub/Editor/6000.0.41f1/Editor/Data/PlaybackEngines/WebGLSupport/UnityEditor.WebGL.Extensions.dll
Register platform support module: C:/Program Files/Unity/Hub/Editor/6000.0.41f1/Editor/Data/PlaybackEngines/WindowsStandaloneSupport/UnityEditor.WindowsStandalone.Extensions.dll
Registered in 0.005495 seconds.
- Loaded All Assemblies, in  0.429 seconds
Native extension for WindowsStandalone target not found
Native extension for WebGL target not found
Mono: successfully reloaded assembly
- Finished resetting the current domain, in  0.321 seconds
Domain Reload Profiling: 748ms
	BeginReloadAssembly (191ms)
		ExecutionOrderSort (0ms)
		DisableScriptedObjects (0ms)
		BackupInstance (0ms)
		ReleaseScriptingObjects (0ms)
		CreateAndSetChildDomain (1ms)
	RebuildCommonClasses (32ms)
	RebuildNativeTypeToScriptingClass (10ms)
	initialDomainReloadingComplete (48ms)
	LoadAllAssembliesAndSetupDomain (146ms)
		LoadAssemblies (189ms)
		RebuildTransferFunctionScriptingTraits (0ms)
		AnalyzeDomain (143ms)
			TypeCache.Refresh (141ms)
				TypeCache.ScanAssembly (128ms)
			BuildScriptInfoCaches (0ms)
			ResolveRequiredComponents (1ms)
	FinalizeReload (321ms)
		ReleaseScriptCaches (0ms)
		RebuildScriptCaches (0ms)
		SetupLoadedEditorAssemblies (274ms)
			LogAssemblyErrors (0ms)
			InitializePlatformSupportModulesInManaged (22ms)
			SetLoadedEditorAssemblies (5ms)
			BeforeProcessingInitializeOnLoad (61ms)
			ProcessInitializeOnLoadAttributes (142ms)
			ProcessInitializeOnLoadMethodAttributes (43ms)
			AfterProcessingInitializeOnLoad (0ms)
			EditorAssembliesLoaded (0ms)
		ExecutionOrderSort2 (0ms)
		AwakeInstancesAfterBackupRestoration (0ms)
Assembly reference Packages/com.unity.cinemachine/Editor/Samples/ExposeHDRPInternals/HDRP-Editor-ref.asmref has no target assembly definition
========================================================================
Worker process is ready to serve import requests
Import Worker Mode flag is 0x00
Assembly reference Packages/com.unity.cinemachine/Editor/Samples/ExposeHDRPInternals/HDRP-Editor-ref.asmref has no target assembly definition
Assembly reference Packages/com.unity.cinemachine/Editor/Samples/ExposeHDRPInternals/HDRP-Editor-ref.asmref has no target assembly definition
Begin MonoManager ReloadAssembly
- Loaded All Assemblies, in  0.872 seconds
Assembly reference Packages/com.unity.cinemachine/Editor/Samples/ExposeHDRPInternals/HDRP-Editor-ref.asmref has no target assembly definition
'Packages/com.unity.cinemachine/Editor/Obsolete/CinemachineVirtualCameraBaseEditor.cs' contains partial class of Unity.Object, exactly 1 of the partial classes needs to be in a file with the same filename. This is to know the one that can be referenced from ie. GameObjects
'Packages/com.unity.cinemachine/Editor/Editors/CinemachineVirtualCameraBaseEditor.cs' contains partial class of Unity.Object, exactly 1 of the partial classes needs to be in a file with the same filename. This is to know the one that can be referenced from ie. GameObjects
Refreshing native plugins compatible for Editor in 1.18 ms, found 3 plugins.
Native extension for WindowsStandalone target not found
Native extension for WebGL target not found
Assembly reference Packages/com.unity.cinemachine/Editor/Samples/ExposeHDRPInternals/HDRP-Editor-ref.asmref has no target assembly definition
Package Manager log level set to [2]
[Package Manager] Failed to launch server process. Reason: Unity was launched with the -noUpm command-line argument
[Package Manager] Unable to send message (not connected to server process).
[Package Manager] Cannot connect to Unity Package Manager local server
System.Exception: Error! Visual Scripting: couldn't find visual scripting package
  at Unity.VisualScripting.PackageVersionUtility.get_version () [0x00025] in .\Library\PackageCache\com.unity.visualscripting@1b53f46e931b\Editor\VisualScripting.Core\Utilities\PackageVersionUtility.cs:22 
  at Unity.VisualScripting.BoltCoreManifest.get_version () [0x00000] in .\Library\PackageCache\com.unity.visualscripting@1b53f46e931b\Editor\VisualScripting.Core\Plugin\BoltCoreManifest.cs:11 
  at Unity.VisualScripting.PluginManifest.get_currentVersion () [0x00000] in .\Library\PackageCache\com.unity.visualscripting@1b53f46e931b\Editor\VisualScripting.Core\Plugins\PluginManifest.cs:33 
  at Unity.VisualScripting.PluginManifest.get_versionMismatch () [0x00000] in .\Library\PackageCache\com.unity.visualscripting@1b53f46e931b\Editor\VisualScripting.Core\Plugins\PluginManifest.cs:48 
  at Unity.VisualScripting.PluginContainer.Initialize () [0x0057d] in .\Library\PackageCache\com.unity.visualscripting@1b53f46e931b\Editor\VisualScripting.Core\Plugins\PluginContainer.cs:208 
  at Unity.VisualScripting.PluginContainer.InitializeOnLoad () [0x00012] in .\Library\PackageCache\com.unity.visualscripting@1b53f46e931b\Editor\VisualScripting.Core\Plugins\PluginContainer.cs:32 
  at Unity.VisualScripting.VSUsageUtility.DoInitializeOnLoadCalls () [0x00044] in .\Library\PackageCache\com.unity.visualscripting@1b53f46e931b\Editor\VisualScripting.Core\Utilities\VSUsageUtility.cs:76 
  at Unity.VisualScripting.VSUsageUtility.set_isVisualScriptingUsed (System.Boolean value) [0x00037] in .\Library\PackageCache\com.unity.visualscripting@1b53f46e931b\Editor\VisualScripting.Core\Utilities\VSUsageUtility.cs:114 
  at Unity.VisualScripting.VSUsageUtility.CheckAndSetIsVisualScriptingUsed () [0x0003f] in .\Library\PackageCache\com.unity.visualscripting@1b53f46e931b\Editor\VisualScripting.Core\Utilities\VSUsageUtility.cs:48 
  at Unity.VisualScripting.VSUsageUtility..cctor () [0x0000d] in .\Library\PackageCache\com.unity.visualscripting@1b53f46e931b\Editor\VisualScripting.Core\Utilities\VSUsageUtility.cs:22 
UnityEngine.Debug:ExtractStackTraceNoAlloc (byte*,int,string)
UnityEngine.StackTraceUtility:ExtractStackTrace ()
UnityEngine.DebugLogHandler:Internal_Log (UnityEngine.LogType,UnityEngine.LogOption,string,UnityEngine.Object)
UnityEngine.DebugLogHandler:LogFormat (UnityEngine.LogType,UnityEngine.Object,string,object[])
UnityEngine.Logger:Log (UnityEngine.LogType,object)
UnityEngine.Debug:LogError (object)
UnityEditor.EditorAssemblies:ProcessInitializeOnLoadAttributes (System.Type[])

Mono: successfully reloaded assembly
- Finished resetting the current domain, in  1.097 seconds
Domain Reload Profiling: 1964ms
	BeginReloadAssembly (173ms)
		ExecutionOrderSort (0ms)
		DisableScriptedObjects (6ms)
		BackupInstance (0ms)
		ReleaseScriptingObjects (0ms)
		CreateAndSetChildDomain (31ms)
	RebuildCommonClasses (31ms)
	RebuildNativeTypeToScriptingClass (10ms)
	initialDomainReloadingComplete (42ms)
	LoadAllAssembliesAndSetupDomain (610ms)
		LoadAssemblies (497ms)
		RebuildTransferFunctionScriptingTraits (0ms)
		AnalyzeDomain (215ms)
			TypeCache.Refresh (156ms)
				TypeCache.ScanAssembly (140ms)
			BuildScriptInfoCaches (45ms)
			ResolveRequiredComponents (11ms)
	FinalizeReload (1098ms)
		ReleaseScriptCaches (0ms)
		RebuildScriptCaches (0ms)
		SetupLoadedEditorAssemblies (989ms)
			LogAssemblyErrors (0ms)
			InitializePlatformSupportModulesInManaged (3ms)
			SetLoadedEditorAssemblies (6ms)
			BeforeProcessingInitializeOnLoad (152ms)
			ProcessInitializeOnLoadAttributes (772ms)
			ProcessInitializeOnLoadMethodAttributes (52ms)
			AfterProcessingInitializeOnLoad (4ms)
			EditorAssembliesLoaded (0ms)
		ExecutionOrderSort2 (0ms)
		AwakeInstancesAfterBackupRestoration (6ms)
Launched and connected shader compiler UnityShaderCompiler.exe after 0.02 seconds
Refreshing native plugins compatible for Editor in 1.14 ms, found 3 plugins.
Preloading 0 native plugins for Editor in 0.00 ms.
Unloading 144 Unused Serialized files (Serialized files now loaded: 0)
Unloading 6415 unused Assets / (6.5 MB). Loaded Objects now: 7008.
Memory consumption went from 171.4 MB to 164.9 MB.
Total: 17.437800 ms (FindLiveObjects: 1.250100 ms CreateObjectMapping: 0.532500 ms MarkObjects: 13.053700 ms  DeleteObjects: 2.600000 ms)

========================================================================
Received Import Request.
  Time since last request: 404829.700770 seconds.
  path: Assets/AssedStore - Prefabs/Rowlan/Gaia User Data/Stamps/2K Meadows/Meadows 04.exr
  artifactKey: Guid(1e7fd5af99d1dc8489cc27f0410ee646) Importer(815301076,1909f56bfc062723c751e8b465ee728b)
Start importing Assets/AssedStore - Prefabs/Rowlan/Gaia User Data/Stamps/2K Meadows/Meadows 04.exr using Guid(1e7fd5af99d1dc8489cc27f0410ee646) Importer(815301076,1909f56bfc062723c751e8b465ee728b) (PreviewImporter) -> (artifact id: 'ae6f93ac3f7a8b56ea55efeaba0c319d') in 0.1171099 seconds
Number of updated asset objects reloaded before import = 0Number of asset objects unloaded after import = 2

========================================================================
Received Import Request.
  Time since last request: 0.000020 seconds.
  path: Assets/AssedStore - Prefabs/Rowlan/Gaia User Data/Stamps/2K Meadows/Meadows 09.exr
  artifactKey: Guid(3367416233c186d45b3c69ef9cdc2b4d) Importer(815301076,1909f56bfc062723c751e8b465ee728b)
Start importing Assets/AssedStore - Prefabs/Rowlan/Gaia User Data/Stamps/2K Meadows/Meadows 09.exr using Guid(3367416233c186d45b3c69ef9cdc2b4d) Importer(815301076,1909f56bfc062723c751e8b465ee728b) (PreviewImporter) -> (artifact id: '5101c51c753602138d9b8b888f92b517') in 0.0439765 seconds
Number of updated asset objects reloaded before import = 0Number of asset objects unloaded after import = 2

========================================================================
Received Import Request.
  Time since last request: 0.532742 seconds.
  path: Assets/AssedStore - Prefabs/Rowlan/Gaia User Data/Stamps/2K Monument Desert/Monument Desert 06.exr
  artifactKey: Guid(0f25f897fd166af4aba4f39e976bdebb) Importer(815301076,1909f56bfc062723c751e8b465ee728b)
Start importing Assets/AssedStore - Prefabs/Rowlan/Gaia User Data/Stamps/2K Monument Desert/Monument Desert 06.exr using Guid(0f25f897fd166af4aba4f39e976bdebb) Importer(815301076,1909f56bfc062723c751e8b465ee728b) (PreviewImporter) -> (artifact id: '22bf4b0da7e40bfc48614fc50a0e90e7') in 0.0606923 seconds
Number of updated asset objects reloaded before import = 0Number of asset objects unloaded after import = 2

========================================================================
Received Import Request.
  Time since last request: 0.000025 seconds.
  path: Assets/AssedStore - Prefabs/Rowlan/Gaia User Data/Stamps/2K Moon/Moon 08.exr
  artifactKey: Guid(a284bd1e298ccf04bb7debd50ce4d565) Importer(815301076,1909f56bfc062723c751e8b465ee728b)
Start importing Assets/AssedStore - Prefabs/Rowlan/Gaia User Data/Stamps/2K Moon/Moon 08.exr using Guid(a284bd1e298ccf04bb7debd50ce4d565) Importer(815301076,1909f56bfc062723c751e8b465ee728b) (PreviewImporter) -> (artifact id: 'f1f672502ca042e6ca07ec15d50494b6') in 0.04051 seconds
Number of updated asset objects reloaded before import = 0Number of asset objects unloaded after import = 2

========================================================================
Received Import Request.
  Time since last request: 0.000020 seconds.
  path: Assets/AssedStore - Prefabs/Rowlan/Gaia User Data/Stamps/2K Monument Desert/Monument Desert 10.exr
  artifactKey: Guid(df542efc889e70f4dac26c4186e0586e) Importer(815301076,1909f56bfc062723c751e8b465ee728b)
Start importing Assets/AssedStore - Prefabs/Rowlan/Gaia User Data/Stamps/2K Monument Desert/Monument Desert 10.exr using Guid(df542efc889e70f4dac26c4186e0586e) Importer(815301076,1909f56bfc062723c751e8b465ee728b) (PreviewImporter) -> (artifact id: '33817e54fcb52736a276de64e0d9a96c') in 0.038359 seconds
Number of updated asset objects reloaded before import = 0Number of asset objects unloaded after import = 2

========================================================================
Received Import Request.
  Time since last request: 0.000025 seconds.
  path: Assets/AssedStore - Prefabs/Rowlan/Gaia User Data/Stamps/2K Moon/Moon 04.exr
  artifactKey: Guid(2385b832ab423654a9d220c73d19c8c3) Importer(815301076,1909f56bfc062723c751e8b465ee728b)
Start importing Assets/AssedStore - Prefabs/Rowlan/Gaia User Data/Stamps/2K Moon/Moon 04.exr using Guid(2385b832ab423654a9d220c73d19c8c3) Importer(815301076,1909f56bfc062723c751e8b465ee728b) (PreviewImporter) -> (artifact id: '1d4791b55f5c25de5ac8e0e21324af6a') in 0.0405677 seconds
Number of updated asset objects reloaded before import = 0Number of asset objects unloaded after import = 2

========================================================================
Received Import Request.
  Time since last request: 0.196909 seconds.
  path: Assets/AssedStore - Prefabs/Rowlan/Gaia User Data/Stamps/2K Rocky Desert/Rocky Desert 01.exr
  artifactKey: Guid(1af79f7c730325544b16da6f306db927) Importer(815301076,1909f56bfc062723c751e8b465ee728b)
Start importing Assets/AssedStore - Prefabs/Rowlan/Gaia User Data/Stamps/2K Rocky Desert/Rocky Desert 01.exr using Guid(1af79f7c730325544b16da6f306db927) Importer(815301076,1909f56bfc062723c751e8b465ee728b) (PreviewImporter) -> (artifact id: '5a0db289605736d3a757d123990b8ec3') in 0.0328821 seconds
Number of updated asset objects reloaded before import = 0Number of asset objects unloaded after import = 2

========================================================================
Received Import Request.
  Time since last request: 0.000015 seconds.
  path: Assets/AssedStore - Prefabs/Rowlan/Gaia User Data/Stamps/2K Rocky Desert/Rocky Desert 06.exr
  artifactKey: Guid(3bff8c35f3e9e9440867be6bc30c29b6) Importer(815301076,1909f56bfc062723c751e8b465ee728b)
Start importing Assets/AssedStore - Prefabs/Rowlan/Gaia User Data/Stamps/2K Rocky Desert/Rocky Desert 06.exr using Guid(3bff8c35f3e9e9440867be6bc30c29b6) Importer(815301076,1909f56bfc062723c751e8b465ee728b) (PreviewImporter) -> (artifact id: '5371cc3711b571180466327555d70ffb') in 0.0323332 seconds
Number of updated asset objects reloaded before import = 0Number of asset objects unloaded after import = 2

========================================================================
Received Import Request.
  Time since last request: 0.017874 seconds.
  path: Assets/AssedStore - Prefabs/Rowlan/Gaia User Data/Stamps/2K Rocky Desert/Rocky Desert 09.exr
  artifactKey: Guid(616f44e50c059914395080aea5c7b368) Importer(815301076,1909f56bfc062723c751e8b465ee728b)
Start importing Assets/AssedStore - Prefabs/Rowlan/Gaia User Data/Stamps/2K Rocky Desert/Rocky Desert 09.exr using Guid(616f44e50c059914395080aea5c7b368) Importer(815301076,1909f56bfc062723c751e8b465ee728b) (PreviewImporter) -> (artifact id: '6ef725d6426ab6d4300281b52eaac0c1') in 0.0420772 seconds
Number of updated asset objects reloaded before import = 0Number of asset objects unloaded after import = 2

========================================================================
Received Import Request.
  Time since last request: 0.206334 seconds.
  path: Assets/AssedStore - Prefabs/Rowlan/Gaia User Data/Stamps/2K Rocky Plateaus/Rocky Plateaus 05.exr
  artifactKey: Guid(8b6b2fbe9a374bd468cd913abbd92663) Importer(815301076,1909f56bfc062723c751e8b465ee728b)
Start importing Assets/AssedStore - Prefabs/Rowlan/Gaia User Data/Stamps/2K Rocky Plateaus/Rocky Plateaus 05.exr using Guid(8b6b2fbe9a374bd468cd913abbd92663) Importer(815301076,1909f56bfc062723c751e8b465ee728b) (PreviewImporter) -> (artifact id: '894210ce61a4454ff6e1f1c1da56f03c') in 0.0455669 seconds
Number of updated asset objects reloaded before import = 0Number of asset objects unloaded after import = 2

========================================================================
Received Import Request.
  Time since last request: 0.000016 seconds.
  path: Assets/AssedStore - Prefabs/Rowlan/Gaia User Data/Stamps/2K Rugged Rocks/Rugged Rocks 01.exr
  artifactKey: Guid(08041cb43959cb2468ba33e9aafb6dc4) Importer(815301076,1909f56bfc062723c751e8b465ee728b)
Start importing Assets/AssedStore - Prefabs/Rowlan/Gaia User Data/Stamps/2K Rugged Rocks/Rugged Rocks 01.exr using Guid(08041cb43959cb2468ba33e9aafb6dc4) Importer(815301076,1909f56bfc062723c751e8b465ee728b) (PreviewImporter) -> (artifact id: 'e0a7407444852f3850824e1b08fa61dd') in 0.0333407 seconds
Number of updated asset objects reloaded before import = 0Number of asset objects unloaded after import = 2

========================================================================
Received Import Request.
  Time since last request: 0.000027 seconds.
  path: Assets/AssedStore - Prefabs/Rowlan/Gaia User Data/Stamps/2K Rugged Rocks/Rugged Rocks 04.exr
  artifactKey: Guid(256a436f263b8c24a8d55c14797dface) Importer(815301076,1909f56bfc062723c751e8b465ee728b)
Start importing Assets/AssedStore - Prefabs/Rowlan/Gaia User Data/Stamps/2K Rugged Rocks/Rugged Rocks 04.exr using Guid(256a436f263b8c24a8d55c14797dface) Importer(815301076,1909f56bfc062723c751e8b465ee728b) (PreviewImporter) -> (artifact id: '87c323c01163be3d383ce71df13d344b') in 0.0312701 seconds
Number of updated asset objects reloaded before import = 0Number of asset objects unloaded after import = 2

========================================================================
Received Import Request.
  Time since last request: 0.249302 seconds.
  path: Assets/AssedStore - Prefabs/Rowlan/Gaia User Data/Stamps/2K Rugged Rocks/Rugged Rocks 08.exr
  artifactKey: Guid(68bd62364cb2cc14f9642786756a0b45) Importer(815301076,1909f56bfc062723c751e8b465ee728b)
Start importing Assets/AssedStore - Prefabs/Rowlan/Gaia User Data/Stamps/2K Rugged Rocks/Rugged Rocks 08.exr using Guid(68bd62364cb2cc14f9642786756a0b45) Importer(815301076,1909f56bfc062723c751e8b465ee728b) (PreviewImporter) -> (artifact id: 'b0f3fdf353b2e05d7277e504bee24050') in 0.0404897 seconds
Number of updated asset objects reloaded before import = 0Number of asset objects unloaded after import = 2

========================================================================
Received Import Request.
  Time since last request: 0.000026 seconds.
  path: Assets/AssedStore - Prefabs/Rowlan/Gaia User Data/Stamps/2K Seaside Cliffs/Seaside Cliffs 02.exr
  artifactKey: Guid(13522dfd0140336448c7d31fb5c1d26a) Importer(815301076,1909f56bfc062723c751e8b465ee728b)
Start importing Assets/AssedStore - Prefabs/Rowlan/Gaia User Data/Stamps/2K Seaside Cliffs/Seaside Cliffs 02.exr using Guid(13522dfd0140336448c7d31fb5c1d26a) Importer(815301076,1909f56bfc062723c751e8b465ee728b) (PreviewImporter) -> (artifact id: 'b957d164f3212d0a2969f1143aeb62e7') in 0.0368846 seconds
Number of updated asset objects reloaded before import = 0Number of asset objects unloaded after import = 2

========================================================================
Received Import Request.
  Time since last request: 0.044994 seconds.
  path: Assets/AssedStore - Prefabs/Rowlan/Gaia User Data/Stamps/2K Seaside Cliffs/Seaside Cliffs 06.exr
  artifactKey: Guid(eb1a3012a5571014892c159d7115984f) Importer(815301076,1909f56bfc062723c751e8b465ee728b)
Start importing Assets/AssedStore - Prefabs/Rowlan/Gaia User Data/Stamps/2K Seaside Cliffs/Seaside Cliffs 06.exr using Guid(eb1a3012a5571014892c159d7115984f) Importer(815301076,1909f56bfc062723c751e8b465ee728b) (PreviewImporter) -> (artifact id: '4dfb5a3b2b6a58ec867993d597d2aa08') in 0.0365764 seconds
Number of updated asset objects reloaded before import = 0Number of asset objects unloaded after import = 2

========================================================================
Received Import Request.
  Time since last request: 0.010992 seconds.
  path: Assets/AssedStore - Prefabs/Rowlan/Gaia User Data/Stamps/2K Terrace Fields/Terrace Fields 01.exr
  artifactKey: Guid(1c3926b08be2ea0419b1fb71cac16454) Importer(815301076,1909f56bfc062723c751e8b465ee728b)
Start importing Assets/AssedStore - Prefabs/Rowlan/Gaia User Data/Stamps/2K Terrace Fields/Terrace Fields 01.exr using Guid(1c3926b08be2ea0419b1fb71cac16454) Importer(815301076,1909f56bfc062723c751e8b465ee728b) (PreviewImporter) -> (artifact id: 'cff82f098519569ceabe02635fbbee10') in 0.0310442 seconds
Number of updated asset objects reloaded before import = 0Number of asset objects unloaded after import = 2

========================================================================
Received Import Request.
  Time since last request: 0.186766 seconds.
  path: Assets/AssedStore - Prefabs/Rowlan/Gaia User Data/Stamps/2K Terrace Fields/Terrace Fields 03.exr
  artifactKey: Guid(dfc2c639eccd78b41abe8a2d7a07caa1) Importer(815301076,1909f56bfc062723c751e8b465ee728b)
Start importing Assets/AssedStore - Prefabs/Rowlan/Gaia User Data/Stamps/2K Terrace Fields/Terrace Fields 03.exr using Guid(dfc2c639eccd78b41abe8a2d7a07caa1) Importer(815301076,1909f56bfc062723c751e8b465ee728b) (PreviewImporter) -> (artifact id: '3e1445d0d422043fa0dca07686edea5b') in 0.0366493 seconds
Number of updated asset objects reloaded before import = 0Number of asset objects unloaded after import = 2

========================================================================
Received Import Request.
  Time since last request: 0.000024 seconds.
  path: Assets/AssedStore - Prefabs/Rowlan/Gaia User Data/Stamps/2K Terrace Fields/Terrace Fields 08.exr
  artifactKey: Guid(dfeb0d926db905d4a983daa165240a8d) Importer(815301076,1909f56bfc062723c751e8b465ee728b)
Start importing Assets/AssedStore - Prefabs/Rowlan/Gaia User Data/Stamps/2K Terrace Fields/Terrace Fields 08.exr using Guid(dfeb0d926db905d4a983daa165240a8d) Importer(815301076,1909f56bfc062723c751e8b465ee728b) (PreviewImporter) -> (artifact id: 'bf0416a6d3af4060896d7c68a066e2a5') in 0.0302734 seconds
Number of updated asset objects reloaded before import = 0Number of asset objects unloaded after import = 2

========================================================================
Received Import Request.
  Time since last request: 2.799490 seconds.
  path: Assets/AssedStore - Prefabs/Rowlan/Gaia User Data/Stamps/2K Tundra/Tundra 01.exr
  artifactKey: Guid(69531f9dc295f1649bf0534b9b61a73c) Importer(815301076,1909f56bfc062723c751e8b465ee728b)
Start importing Assets/AssedStore - Prefabs/Rowlan/Gaia User Data/Stamps/2K Tundra/Tundra 01.exr using Guid(69531f9dc295f1649bf0534b9b61a73c) Importer(815301076,1909f56bfc062723c751e8b465ee728b) (PreviewImporter) -> (artifact id: 'ad08b3021778223d86c3270b72e37326') in 0.0696777 seconds
Number of updated asset objects reloaded before import = 0Number of asset objects unloaded after import = 2

========================================================================
Received Import Request.
  Time since last request: 0.000016 seconds.
  path: Assets/AssedStore - Prefabs/Rowlan/Gaia User Data/Stamps/2K Tundra/Tundra 05.exr
  artifactKey: Guid(dd7a34f4eff1583449476d00827732d6) Importer(815301076,1909f56bfc062723c751e8b465ee728b)
Start importing Assets/AssedStore - Prefabs/Rowlan/Gaia User Data/Stamps/2K Tundra/Tundra 05.exr using Guid(dd7a34f4eff1583449476d00827732d6) Importer(815301076,1909f56bfc062723c751e8b465ee728b) (PreviewImporter) -> (artifact id: '5d414eacd530e0755092041eb4787d1c') in 0.0543816 seconds
Number of updated asset objects reloaded before import = 0Number of asset objects unloaded after import = 2

========================================================================
Received Import Request.
  Time since last request: 0.132173 seconds.
  path: Assets/AssedStore - Prefabs/Rowlan/Gaia User Data/Stamps/2K Tundra/Tundra 09.exr
  artifactKey: Guid(c14b7006d39de28459610052d43b3401) Importer(815301076,1909f56bfc062723c751e8b465ee728b)
Start importing Assets/AssedStore - Prefabs/Rowlan/Gaia User Data/Stamps/2K Tundra/Tundra 09.exr using Guid(c14b7006d39de28459610052d43b3401) Importer(815301076,1909f56bfc062723c751e8b465ee728b) (PreviewImporter) -> (artifact id: '27b2a93bda77d5239f69568c2fb198c7') in 0.0408253 seconds
Number of updated asset objects reloaded before import = 0Number of asset objects unloaded after import = 2

========================================================================
Received Import Request.
  Time since last request: 0.041805 seconds.
  path: Assets/AssedStore - Prefabs/Rowlan/Gaia User Data/Stamps/2K Valleys/Valleys 01.exr
  artifactKey: Guid(e9c58dc00de8dba4e950f2512631cf7f) Importer(815301076,1909f56bfc062723c751e8b465ee728b)
Start importing Assets/AssedStore - Prefabs/Rowlan/Gaia User Data/Stamps/2K Valleys/Valleys 01.exr using Guid(e9c58dc00de8dba4e950f2512631cf7f) Importer(815301076,1909f56bfc062723c751e8b465ee728b) (PreviewImporter) -> (artifact id: 'a51e799daf77db19197810923de34c44') in 0.0619897 seconds
Number of updated asset objects reloaded before import = 0Number of asset objects unloaded after import = 2

========================================================================
Received Import Request.
  Time since last request: 0.183915 seconds.
  path: Assets/AssedStore - Prefabs/Rowlan/Gaia User Data/Stamps/2K Valleys/Valleys 07.exr
  artifactKey: Guid(b093d6770a603ee4b8756bdddb6fc128) Importer(815301076,1909f56bfc062723c751e8b465ee728b)
Start importing Assets/AssedStore - Prefabs/Rowlan/Gaia User Data/Stamps/2K Valleys/Valleys 07.exr using Guid(b093d6770a603ee4b8756bdddb6fc128) Importer(815301076,1909f56bfc062723c751e8b465ee728b) (PreviewImporter) -> (artifact id: 'e4e4ab359bde5878b0bd11d9e3e60a29') in 0.048498 seconds
Number of updated asset objects reloaded before import = 0Number of asset objects unloaded after import = 2

========================================================================
Received Import Request.
  Time since last request: 2.192392 seconds.
  path: Assets/AssedStore - Prefabs/Rowlan/Gaia User Data/Stamps/2K Volcanos/Volcano 01.exr
  artifactKey: Guid(b81f26348535abf41818c18a1944b32d) Importer(815301076,1909f56bfc062723c751e8b465ee728b)
Start importing Assets/AssedStore - Prefabs/Rowlan/Gaia User Data/Stamps/2K Volcanos/Volcano 01.exr using Guid(b81f26348535abf41818c18a1944b32d) Importer(815301076,1909f56bfc062723c751e8b465ee728b) (PreviewImporter) -> (artifact id: 'fa875cd08a93b29a143cb07cb7d6f943') in 0.0417802 seconds
Number of updated asset objects reloaded before import = 0Number of asset objects unloaded after import = 2

========================================================================
Received Import Request.
  Time since last request: 0.000015 seconds.
  path: Assets/AssedStore - Prefabs/Rowlan/Gaia User Data/Stamps/2K Volcanos/Volcano 06.exr
  artifactKey: Guid(3bf108ff26b4a0248976a64258e5fa98) Importer(815301076,1909f56bfc062723c751e8b465ee728b)
Start importing Assets/AssedStore - Prefabs/Rowlan/Gaia User Data/Stamps/2K Volcanos/Volcano 06.exr using Guid(3bf108ff26b4a0248976a64258e5fa98) Importer(815301076,1909f56bfc062723c751e8b465ee728b) (PreviewImporter) -> (artifact id: '1fd82254b0786f30858db5101032030d') in 0.0437625 seconds
Number of updated asset objects reloaded before import = 0Number of asset objects unloaded after import = 2

========================================================================
Received Import Request.
  Time since last request: 0.003469 seconds.
  path: Assets/AssedStore - Prefabs/Rowlan/Gaia User Data/Stamps/2K Volcanos/Volcano 10.exr
  artifactKey: Guid(da00d948d86646240ac5d57a077e8e72) Importer(815301076,1909f56bfc062723c751e8b465ee728b)
Start importing Assets/AssedStore - Prefabs/Rowlan/Gaia User Data/Stamps/2K Volcanos/Volcano 10.exr using Guid(da00d948d86646240ac5d57a077e8e72) Importer(815301076,1909f56bfc062723c751e8b465ee728b) (PreviewImporter) -> (artifact id: 'ce1fad0e5bc49f8b532a489f049f2d1f') in 0.0496202 seconds
Number of updated asset objects reloaded before import = 0Number of asset objects unloaded after import = 2

========================================================================
Received Import Request.
  Time since last request: 600.755175 seconds.
  path: Assets/AssedStore - Prefabs/Modular Tracks - Racing Tracks/Models/NewLayer 1.terrainlayer
  artifactKey: Guid(ec903239ed4f4bf409e32ce8ceb61b72) Importer(815301076,1909f56bfc062723c751e8b465ee728b)
Start importing Assets/AssedStore - Prefabs/Modular Tracks - Racing Tracks/Models/NewLayer 1.terrainlayer using Guid(ec903239ed4f4bf409e32ce8ceb61b72) Importer(815301076,1909f56bfc062723c751e8b465ee728b) (PreviewImporter) -> (artifact id: '66e6076cd88aab1177ae8c6357e7e982') in 0.0615591 seconds
Number of updated asset objects reloaded before import = 0Number of asset objects unloaded after import = 2

========================================================================
Received Import Request.
  Time since last request: 7.047386 seconds.
  path: Assets/MicroVerse-Extras/Terrain Textures/Layers/Asphalt 01.terrainlayer
  artifactKey: Guid(5eeab13281c2b0447bda4a7424a06d91) Importer(815301076,1909f56bfc062723c751e8b465ee728b)
Start importing Assets/MicroVerse-Extras/Terrain Textures/Layers/Asphalt 01.terrainlayer using Guid(5eeab13281c2b0447bda4a7424a06d91) Importer(815301076,1909f56bfc062723c751e8b465ee728b) (PreviewImporter) -> (artifact id: '4ab937f86eca15b92f1ba28271a4566c') in 0.0387267 seconds
Number of updated asset objects reloaded before import = 0Number of asset objects unloaded after import = 5

========================================================================
Received Import Request.
  Time since last request: 0.000018 seconds.
  path: Assets/MicroVerse-Extras/Terrain Textures/Layers/Moon 02.terrainlayer
  artifactKey: Guid(c923004015ec9ac4b99bd372c73d8c08) Importer(815301076,1909f56bfc062723c751e8b465ee728b)
Start importing Assets/MicroVerse-Extras/Terrain Textures/Layers/Moon 02.terrainlayer using Guid(c923004015ec9ac4b99bd372c73d8c08) Importer(815301076,1909f56bfc062723c751e8b465ee728b) (PreviewImporter) -> (artifact id: '0bd5a602ca033bd0f76b46bbd87b2746') in 0.0404127 seconds
Number of updated asset objects reloaded before import = 0Number of asset objects unloaded after import = 5

========================================================================
Received Import Request.
  Time since last request: 0.000022 seconds.
  path: Assets/MicroVerse-Extras/Terrain Textures/Layers/Soil 01.terrainlayer
  artifactKey: Guid(4d1eacfe512a12845b2943bb58c7aa1f) Importer(815301076,1909f56bfc062723c751e8b465ee728b)
Start importing Assets/MicroVerse-Extras/Terrain Textures/Layers/Soil 01.terrainlayer using Guid(4d1eacfe512a12845b2943bb58c7aa1f) Importer(815301076,1909f56bfc062723c751e8b465ee728b) (PreviewImporter) -> (artifact id: '54d3edc0892a5d23fe2276afb0af9ed9') in 0.0279657 seconds
Number of updated asset objects reloaded before import = 0Number of asset objects unloaded after import = 5

========================================================================
Received Import Request.
  Time since last request: 0.000014 seconds.
  path: Assets/MicroVerse-Extras/Terrain Textures/Layers/Gravel 02.terrainlayer
  artifactKey: Guid(365f2f99cda90c34bb3896cba22c46df) Importer(815301076,1909f56bfc062723c751e8b465ee728b)
Start importing Assets/MicroVerse-Extras/Terrain Textures/Layers/Gravel 02.terrainlayer using Guid(365f2f99cda90c34bb3896cba22c46df) Importer(815301076,1909f56bfc062723c751e8b465ee728b) (PreviewImporter) -> (artifact id: '78ad3aa534a64b3948561901c78f8bfc') in 0.0284757 seconds
Number of updated asset objects reloaded before import = 0Number of asset objects unloaded after import = 5

========================================================================
Received Import Request.
  Time since last request: 0.000015 seconds.
  path: Assets/MicroVerse-Extras/Terrain Textures/Layers/Wood Chips 02.terrainlayer
  artifactKey: Guid(283d1e8523f858a40b92c696b73bb67d) Importer(815301076,1909f56bfc062723c751e8b465ee728b)
Start importing Assets/MicroVerse-Extras/Terrain Textures/Layers/Wood Chips 02.terrainlayer using Guid(283d1e8523f858a40b92c696b73bb67d) Importer(815301076,1909f56bfc062723c751e8b465ee728b) (PreviewImporter) -> (artifact id: '7ed410d94ef143ef9e751505016151ac') in 0.0328641 seconds
Number of updated asset objects reloaded before import = 0Number of asset objects unloaded after import = 5

========================================================================
Received Import Request.
  Time since last request: 0.000018 seconds.
  path: Assets/MicroVerse-Extras/Terrain Textures/Layers/Leaves 02.terrainlayer
  artifactKey: Guid(f9233d9fe58972244aa48151329f7f47) Importer(815301076,1909f56bfc062723c751e8b465ee728b)
Start importing Assets/MicroVerse-Extras/Terrain Textures/Layers/Leaves 02.terrainlayer using Guid(f9233d9fe58972244aa48151329f7f47) Importer(815301076,1909f56bfc062723c751e8b465ee728b) (PreviewImporter) -> (artifact id: '782ca25642afd4280464b31be2adef14') in 0.0330999 seconds
Number of updated asset objects reloaded before import = 0Number of asset objects unloaded after import = 5

========================================================================
Received Import Request.
  Time since last request: 0.000014 seconds.
  path: Assets/MicroVerse-Extras/Terrain Textures/Layers/Grass 06.terrainlayer
  artifactKey: Guid(01e2e79109e4ed04180f814f9b6eceec) Importer(815301076,1909f56bfc062723c751e8b465ee728b)
Start importing Assets/MicroVerse-Extras/Terrain Textures/Layers/Grass 06.terrainlayer using Guid(01e2e79109e4ed04180f814f9b6eceec) Importer(815301076,1909f56bfc062723c751e8b465ee728b) (PreviewImporter) -> (artifact id: 'd4cf8900985228e0ddb3ed56252c928c') in 0.0269538 seconds
Number of updated asset objects reloaded before import = 0Number of asset objects unloaded after import = 5

========================================================================
Received Import Request.
  Time since last request: 0.000061 seconds.
  path: Assets/MicroVerse-Extras/Terrain Textures/Layers/Grass 04.terrainlayer
  artifactKey: Guid(6e99cecb5361f2a4a88aa4a11a3588fd) Importer(815301076,1909f56bfc062723c751e8b465ee728b)
Start importing Assets/MicroVerse-Extras/Terrain Textures/Layers/Grass 04.terrainlayer using Guid(6e99cecb5361f2a4a88aa4a11a3588fd) Importer(815301076,1909f56bfc062723c751e8b465ee728b) (PreviewImporter) -> (artifact id: '1bcf3bc3b33a51db0e3e03af850c58dc') in 0.022752 seconds
Number of updated asset objects reloaded before import = 0Number of asset objects unloaded after import = 5

========================================================================
Received Import Request.
  Time since last request: 0.000017 seconds.
  path: Assets/MicroVerse-Extras/Terrain Textures/Layers/Sand 02.terrainlayer
  artifactKey: Guid(0ec9ff21ed5b4824abe9be9908139f39) Importer(815301076,1909f56bfc062723c751e8b465ee728b)
Start importing Assets/MicroVerse-Extras/Terrain Textures/Layers/Sand 02.terrainlayer using Guid(0ec9ff21ed5b4824abe9be9908139f39) Importer(815301076,1909f56bfc062723c751e8b465ee728b) (PreviewImporter) -> (artifact id: '39efc789e8910105e0c5e62146a459a2') in 0.0303677 seconds
Number of updated asset objects reloaded before import = 0Number of asset objects unloaded after import = 5

========================================================================
Received Import Request.
  Time since last request: 0.000064 seconds.
  path: Assets/MicroVerse-Extras/Terrain Textures/Layers/Wood Chips 01.terrainlayer
  artifactKey: Guid(36a9adfd1b4dcaf499e340da24d14c03) Importer(815301076,1909f56bfc062723c751e8b465ee728b)
Start importing Assets/MicroVerse-Extras/Terrain Textures/Layers/Wood Chips 01.terrainlayer using Guid(36a9adfd1b4dcaf499e340da24d14c03) Importer(815301076,1909f56bfc062723c751e8b465ee728b) (PreviewImporter) -> (artifact id: '5b68479e3d46f3e7200edcf903bcb690') in 0.0249243 seconds
Number of updated asset objects reloaded before import = 0Number of asset objects unloaded after import = 5

========================================================================
Received Import Request.
  Time since last request: 0.000067 seconds.
  path: Assets/AssedStore - Prefabs/Modular Tracks - Racing Tracks/Textures/NewLayer.terrainlayer
  artifactKey: Guid(2db807f9f46612f4fb4ee46c313ca906) Importer(815301076,1909f56bfc062723c751e8b465ee728b)
Start importing Assets/AssedStore - Prefabs/Modular Tracks - Racing Tracks/Textures/NewLayer.terrainlayer using Guid(2db807f9f46612f4fb4ee46c313ca906) Importer(815301076,1909f56bfc062723c751e8b465ee728b) (PreviewImporter) -> (artifact id: '3d55c89531fe79b5212a7b013a4d4702') in 0.0268544 seconds
Number of updated asset objects reloaded before import = 0Number of asset objects unloaded after import = 2

========================================================================
Received Import Request.
  Time since last request: 0.000034 seconds.
  path: Assets/MicroVerse-Extras/Terrain Textures/Layers/Grass 08.terrainlayer
  artifactKey: Guid(25b16ec876cc2384ba781c3f13dfebad) Importer(815301076,1909f56bfc062723c751e8b465ee728b)
Start importing Assets/MicroVerse-Extras/Terrain Textures/Layers/Grass 08.terrainlayer using Guid(25b16ec876cc2384ba781c3f13dfebad) Importer(815301076,1909f56bfc062723c751e8b465ee728b) (PreviewImporter) -> (artifact id: '0cc27a2b43455c844c6c18a3e0197c4d') in 0.0307907 seconds
Number of updated asset objects reloaded before import = 0Number of asset objects unloaded after import = 5

========================================================================
Received Import Request.
  Time since last request: 0.000022 seconds.
  path: Assets/MicroVerse-Extras/Terrain Textures/Layers/Plantlet 01.terrainlayer
  artifactKey: Guid(69402807b35d57c4b95bac4ba9b065ed) Importer(815301076,1909f56bfc062723c751e8b465ee728b)
Start importing Assets/MicroVerse-Extras/Terrain Textures/Layers/Plantlet 01.terrainlayer using Guid(69402807b35d57c4b95bac4ba9b065ed) Importer(815301076,1909f56bfc062723c751e8b465ee728b) (PreviewImporter) -> (artifact id: 'd9a1b99c825729d3710e9f518e071c56') in 0.0219411 seconds
Number of updated asset objects reloaded before import = 0Number of asset objects unloaded after import = 5

========================================================================
Received Import Request.
  Time since last request: 0.000020 seconds.
  path: Assets/MicroVerse-Extras/Terrain Textures/Layers/Sand 01.terrainlayer
  artifactKey: Guid(26d2a47b8d126ea4ea187927097350a1) Importer(815301076,1909f56bfc062723c751e8b465ee728b)
Start importing Assets/MicroVerse-Extras/Terrain Textures/Layers/Sand 01.terrainlayer using Guid(26d2a47b8d126ea4ea187927097350a1) Importer(815301076,1909f56bfc062723c751e8b465ee728b) (PreviewImporter) -> (artifact id: '9d4a3ad39d3b206a2ed6d8cb8a917ae5') in 0.0226336 seconds
Number of updated asset objects reloaded before import = 0Number of asset objects unloaded after import = 5

========================================================================
Received Import Request.
  Time since last request: 0.000014 seconds.
  path: Assets/MicroVerse-Extras/Terrain Textures/Layers/Gravel 04.terrainlayer
  artifactKey: Guid(6c6a2ac491c532845877aa54e3aa54a9) Importer(815301076,1909f56bfc062723c751e8b465ee728b)
Start importing Assets/MicroVerse-Extras/Terrain Textures/Layers/Gravel 04.terrainlayer using Guid(6c6a2ac491c532845877aa54e3aa54a9) Importer(815301076,1909f56bfc062723c751e8b465ee728b) (PreviewImporter) -> (artifact id: '652da1f4c4fa8ef14b2ed586c8137f12') in 0.0216374 seconds
Number of updated asset objects reloaded before import = 0Number of asset objects unloaded after import = 5

========================================================================
Received Import Request.
  Time since last request: 0.000020 seconds.
  path: Assets/MicroVerse-Extras/Terrain Textures/Layers/Gravel 01.terrainlayer
  artifactKey: Guid(8c78f88c1240ff641827a74064bdfe68) Importer(815301076,1909f56bfc062723c751e8b465ee728b)
Start importing Assets/MicroVerse-Extras/Terrain Textures/Layers/Gravel 01.terrainlayer using Guid(8c78f88c1240ff641827a74064bdfe68) Importer(815301076,1909f56bfc062723c751e8b465ee728b) (PreviewImporter) -> (artifact id: 'cf16cda5b7da088ae76d386f02aa1685') in 0.0229882 seconds
Number of updated asset objects reloaded before import = 0Number of asset objects unloaded after import = 5

========================================================================
Received Import Request.
  Time since last request: 0.000019 seconds.
  path: Assets/MicroVerse-Extras/Terrain Textures/Layers/Leaves 01.terrainlayer
  artifactKey: Guid(9147f9d9a28a72f4d9ad93466c09892d) Importer(815301076,1909f56bfc062723c751e8b465ee728b)
Start importing Assets/MicroVerse-Extras/Terrain Textures/Layers/Leaves 01.terrainlayer using Guid(9147f9d9a28a72f4d9ad93466c09892d) Importer(815301076,1909f56bfc062723c751e8b465ee728b) (PreviewImporter) -> (artifact id: 'e143beb3ab29ac211a1fcd4c29db0e6a') in 0.0229925 seconds
Number of updated asset objects reloaded before import = 0Number of asset objects unloaded after import = 5

========================================================================
Received Import Request.
  Time since last request: 15.114534 seconds.
  path: Assets/MicroVerse-Extras/Terrain Textures/Textures/Grass 06/Grass 06_BaseColor.png
  artifactKey: Guid(713926c66853ad14198c86cdd29bb32b) Importer(815301076,1909f56bfc062723c751e8b465ee728b)
Start importing Assets/MicroVerse-Extras/Terrain Textures/Textures/Grass 06/Grass 06_BaseColor.png using Guid(713926c66853ad14198c86cdd29bb32b) Importer(815301076,1909f56bfc062723c751e8b465ee728b) (PreviewImporter) -> (artifact id: 'decc15b2efea9565b4da9860ad31b132') in 0.0315239 seconds
Number of updated asset objects reloaded before import = 0Number of asset objects unloaded after import = 2

========================================================================
Received Import Request.
  Time since last request: 130.588065 seconds.
  path: Assets/AssedStore - Prefabs/Rowlan/Terrain/Stamps/Examples/Brushes/Rolling Hills 06.brush
  artifactKey: Guid(6f63636c6bcb86b4a8bed430e42c754a) Importer(815301076,1909f56bfc062723c751e8b465ee728b)
Start importing Assets/AssedStore - Prefabs/Rowlan/Terrain/Stamps/Examples/Brushes/Rolling Hills 06.brush using Guid(6f63636c6bcb86b4a8bed430e42c754a) Importer(815301076,1909f56bfc062723c751e8b465ee728b) (PreviewImporter) -> (artifact id: 'ef026f0e95e8c5b5cfe42b993bd17ec5') in 0.0830641 seconds
Number of updated asset objects reloaded before import = 0Number of asset objects unloaded after import = 2

========================================================================
Received Import Request.
  Time since last request: 6.275333 seconds.
  path: Assets/AssedStore - Prefabs/Rowlan/Terrain/Stamps/Examples/Brushes/Rough Cliffs 18.brush
  artifactKey: Guid(06a90b9cb2e08084682e96a95bfeede5) Importer(815301076,1909f56bfc062723c751e8b465ee728b)
Start importing Assets/AssedStore - Prefabs/Rowlan/Terrain/Stamps/Examples/Brushes/Rough Cliffs 18.brush using Guid(06a90b9cb2e08084682e96a95bfeede5) Importer(815301076,1909f56bfc062723c751e8b465ee728b) (PreviewImporter) -> (artifact id: '51553d2902e97c20ce7c1e0f50c4fd1b') in 0.0973568 seconds
Number of updated asset objects reloaded before import = 0Number of asset objects unloaded after import = 2

========================================================================
Received Import Request.
  Time since last request: 5.878729 seconds.
  path: Assets/AssedStore - Prefabs/Rowlan/Terrain/Stamps/Examples/Brushes/Seaside Cliffs 06.brush
  artifactKey: Guid(a804ac0c59f757e478768ef91b411b33) Importer(815301076,1909f56bfc062723c751e8b465ee728b)
Start importing Assets/AssedStore - Prefabs/Rowlan/Terrain/Stamps/Examples/Brushes/Seaside Cliffs 06.brush using Guid(a804ac0c59f757e478768ef91b411b33) Importer(815301076,1909f56bfc062723c751e8b465ee728b) (PreviewImporter) -> (artifact id: '294ba5048baab535fa064708afa7ced1') in 0.0755719 seconds
Number of updated asset objects reloaded before import = 0Number of asset objects unloaded after import = 2

========================================================================
Received Import Request.
  Time since last request: 1.456953 seconds.
  path: Assets/AssedStore - Prefabs/Rowlan/Terrain/Stamps/Examples/Brushes/Steep Rocky Cliffs 14.brush
  artifactKey: Guid(c5140de07e833b544b140e6782ba1559) Importer(815301076,1909f56bfc062723c751e8b465ee728b)
Start importing Assets/AssedStore - Prefabs/Rowlan/Terrain/Stamps/Examples/Brushes/Steep Rocky Cliffs 14.brush using Guid(c5140de07e833b544b140e6782ba1559) Importer(815301076,1909f56bfc062723c751e8b465ee728b) (PreviewImporter) -> (artifact id: '55a6250a25c723220c44ccbaba1f7137') in 0.062148 seconds
Number of updated asset objects reloaded before import = 0Number of asset objects unloaded after import = 2

========================================================================
Received Import Request.
  Time since last request: 2.442163 seconds.
  path: Assets/AssedStore - Prefabs/Rowlan/Terrain/Stamps/Examples/Brushes/Volcano 03.brush
  artifactKey: Guid(cbd8221bc6f77324889b944b1869d525) Importer(815301076,1909f56bfc062723c751e8b465ee728b)
Start importing Assets/AssedStore - Prefabs/Rowlan/Terrain/Stamps/Examples/Brushes/Volcano 03.brush using Guid(cbd8221bc6f77324889b944b1869d525) Importer(815301076,1909f56bfc062723c751e8b465ee728b) (PreviewImporter) -> (artifact id: '00b3c06110b1ee7cbc57e580e3518cca') in 0.0543156 seconds
Number of updated asset objects reloaded before import = 0Number of asset objects unloaded after import = 2

========================================================================
Received Import Request.
  Time since last request: 6.391680 seconds.
  path: Assets/AssedStore - Prefabs/Rowlan/Terrain/Stamps/Examples/Brushes/Terraced Cliffs 06.brush
  artifactKey: Guid(1d74c9bece4ba584a911f9a50b1d30ed) Importer(815301076,1909f56bfc062723c751e8b465ee728b)
Start importing Assets/AssedStore - Prefabs/Rowlan/Terrain/Stamps/Examples/Brushes/Terraced Cliffs 06.brush using Guid(1d74c9bece4ba584a911f9a50b1d30ed) Importer(815301076,1909f56bfc062723c751e8b465ee728b) (PreviewImporter) -> (artifact id: 'a831de10335efc3f72642262627d0b3c') in 0.0770881 seconds
Number of updated asset objects reloaded before import = 0Number of asset objects unloaded after import = 2

========================================================================
Received Import Request.
  Time since last request: 0.286043 seconds.
  path: Assets/AssedStore - Prefabs/Rowlan/Terrain/Stamps/Examples/Brushes/Terraced Cliffs Drake.brush
  artifactKey: Guid(050144b8e728e0746aa4ecaa75d517ed) Importer(815301076,1909f56bfc062723c751e8b465ee728b)
Start importing Assets/AssedStore - Prefabs/Rowlan/Terrain/Stamps/Examples/Brushes/Terraced Cliffs Drake.brush using Guid(050144b8e728e0746aa4ecaa75d517ed) Importer(815301076,1909f56bfc062723c751e8b465ee728b) (PreviewImporter) -> (artifact id: '49449c47ee0b73c7e5ac5529fb80a9a2') in 0.0677939 seconds
Number of updated asset objects reloaded before import = 0Number of asset objects unloaded after import = 2

========================================================================
Received Import Request.
  Time since last request: 17.804095 seconds.
  path: Assets/AssedStore - Prefabs/Rowlan/Terrain/Stamps/Examples/Brushes/Stranger Lands 02.brush
  artifactKey: Guid(2735806c52b40fc40bc14bb7e0587a5d) Importer(815301076,1909f56bfc062723c751e8b465ee728b)
Start importing Assets/AssedStore - Prefabs/Rowlan/Terrain/Stamps/Examples/Brushes/Stranger Lands 02.brush using Guid(2735806c52b40fc40bc14bb7e0587a5d) Importer(815301076,1909f56bfc062723c751e8b465ee728b) (PreviewImporter) -> (artifact id: 'fa4e108e62318833a4435db23fc40256') in 0.0619175 seconds
Number of updated asset objects reloaded before import = 0Number of asset objects unloaded after import = 2

========================================================================
Received Import Request.
  Time since last request: 12.722012 seconds.
  path: Assets/AssedStore - Prefabs/Rowlan/Terrain/Stamps/Examples/Brushes/Highlands 09.brush
  artifactKey: Guid(b62f0a3a95b6abf45a0f849787d92a6e) Importer(815301076,1909f56bfc062723c751e8b465ee728b)
Start importing Assets/AssedStore - Prefabs/Rowlan/Terrain/Stamps/Examples/Brushes/Highlands 09.brush using Guid(b62f0a3a95b6abf45a0f849787d92a6e) Importer(815301076,1909f56bfc062723c751e8b465ee728b) (PreviewImporter) -> (artifact id: '5b75c4a231d8455c36a7272e699934c2') in 0.0936045 seconds
Number of updated asset objects reloaded before import = 0Number of asset objects unloaded after import = 2

========================================================================
Received Import Request.
  Time since last request: 1.380389 seconds.
  path: Assets/AssedStore - Prefabs/Rowlan/Terrain/Stamps/Examples/Brushes/Dunes 19.brush
  artifactKey: Guid(4e4386f9c01d5d045a99758250e0bd14) Importer(815301076,1909f56bfc062723c751e8b465ee728b)
Start importing Assets/AssedStore - Prefabs/Rowlan/Terrain/Stamps/Examples/Brushes/Dunes 19.brush using Guid(4e4386f9c01d5d045a99758250e0bd14) Importer(815301076,1909f56bfc062723c751e8b465ee728b) (PreviewImporter) -> (artifact id: '37257ea4a0dd1dc399e19448a08319d2') in 0.0769125 seconds
Number of updated asset objects reloaded before import = 0Number of asset objects unloaded after import = 2

========================================================================
Received Import Request.
  Time since last request: 4.073754 seconds.
  path: Assets/AssedStore - Prefabs/Rowlan/Terrain/Stamps/Examples/Brushes/Dunes 04.brush
  artifactKey: Guid(97457b6e397adef45b059a05b8d33729) Importer(815301076,1909f56bfc062723c751e8b465ee728b)
Start importing Assets/AssedStore - Prefabs/Rowlan/Terrain/Stamps/Examples/Brushes/Dunes 04.brush using Guid(97457b6e397adef45b059a05b8d33729) Importer(815301076,1909f56bfc062723c751e8b465ee728b) (PreviewImporter) -> (artifact id: 'e00c5e9c82d29fb197f0bbc84f70a1d8') in 0.1080181 seconds
Number of updated asset objects reloaded before import = 0Number of asset objects unloaded after import = 2

========================================================================
Received Prepare
Assembly reference Packages/com.unity.cinemachine/Editor/Samples/ExposeHDRPInternals/HDRP-Editor-ref.asmref has no target assembly definition
Assembly reference Packages/com.unity.cinemachine/Editor/Samples/ExposeHDRPInternals/HDRP-Editor-ref.asmref has no target assembly definition
Begin MonoManager ReloadAssembly
- Loaded All Assemblies, in  0.780 seconds
Assembly reference Packages/com.unity.cinemachine/Editor/Samples/ExposeHDRPInternals/HDRP-Editor-ref.asmref has no target assembly definition
'Packages/com.unity.cinemachine/Editor/Obsolete/CinemachineVirtualCameraBaseEditor.cs' contains partial class of Unity.Object, exactly 1 of the partial classes needs to be in a file with the same filename. This is to know the one that can be referenced from ie. GameObjects
'Packages/com.unity.cinemachine/Editor/Editors/CinemachineVirtualCameraBaseEditor.cs' contains partial class of Unity.Object, exactly 1 of the partial classes needs to be in a file with the same filename. This is to know the one that can be referenced from ie. GameObjects
Refreshing native plugins compatible for Editor in 1.03 ms, found 3 plugins.
Native extension for WindowsStandalone target not found
Native extension for WebGL target not found
Assembly reference Packages/com.unity.cinemachine/Editor/Samples/ExposeHDRPInternals/HDRP-Editor-ref.asmref has no target assembly definition
[Package Manager] Failed to launch server process. Reason: Unity was launched with the -noUpm command-line argument
[Package Manager] Unable to send message (not connected to server process).
[Package Manager] Cannot connect to Unity Package Manager local server
System.Exception: Error! Visual Scripting: couldn't find visual scripting package
  at Unity.VisualScripting.PackageVersionUtility.get_version () [0x00025] in .\Library\PackageCache\com.unity.visualscripting@1b53f46e931b\Editor\VisualScripting.Core\Utilities\PackageVersionUtility.cs:22 
  at Unity.VisualScripting.BoltCoreManifest.get_version () [0x00000] in .\Library\PackageCache\com.unity.visualscripting@1b53f46e931b\Editor\VisualScripting.Core\Plugin\BoltCoreManifest.cs:11 
  at Unity.VisualScripting.PluginManifest.get_currentVersion () [0x00000] in .\Library\PackageCache\com.unity.visualscripting@1b53f46e931b\Editor\VisualScripting.Core\Plugins\PluginManifest.cs:33 
  at Unity.VisualScripting.PluginManifest.get_versionMismatch () [0x00000] in .\Library\PackageCache\com.unity.visualscripting@1b53f46e931b\Editor\VisualScripting.Core\Plugins\PluginManifest.cs:48 
  at Unity.VisualScripting.PluginContainer.Initialize () [0x0057d] in .\Library\PackageCache\com.unity.visualscripting@1b53f46e931b\Editor\VisualScripting.Core\Plugins\PluginContainer.cs:208 
  at Unity.VisualScripting.PluginContainer.InitializeOnLoad () [0x00012] in .\Library\PackageCache\com.unity.visualscripting@1b53f46e931b\Editor\VisualScripting.Core\Plugins\PluginContainer.cs:32 
  at Unity.VisualScripting.VSUsageUtility.DoInitializeOnLoadCalls () [0x00044] in .\Library\PackageCache\com.unity.visualscripting@1b53f46e931b\Editor\VisualScripting.Core\Utilities\VSUsageUtility.cs:76 
  at Unity.VisualScripting.VSUsageUtility.set_isVisualScriptingUsed (System.Boolean value) [0x00037] in .\Library\PackageCache\com.unity.visualscripting@1b53f46e931b\Editor\VisualScripting.Core\Utilities\VSUsageUtility.cs:114 
  at Unity.VisualScripting.VSUsageUtility.CheckAndSetIsVisualScriptingUsed () [0x00013] in .\Library\PackageCache\com.unity.visualscripting@1b53f46e931b\Editor\VisualScripting.Core\Utilities\VSUsageUtility.cs:33 
  at Unity.VisualScripting.VSUsageUtility..cctor () [0x0000d] in .\Library\PackageCache\com.unity.visualscripting@1b53f46e931b\Editor\VisualScripting.Core\Utilities\VSUsageUtility.cs:22 
UnityEngine.Debug:ExtractStackTraceNoAlloc (byte*,int,string)
UnityEngine.StackTraceUtility:ExtractStackTrace ()
UnityEngine.DebugLogHandler:Internal_Log (UnityEngine.LogType,UnityEngine.LogOption,string,UnityEngine.Object)
UnityEngine.DebugLogHandler:LogFormat (UnityEngine.LogType,UnityEngine.Object,string,object[])
UnityEngine.Logger:Log (UnityEngine.LogType,object)
UnityEngine.Debug:LogError (object)
UnityEditor.EditorAssemblies:ProcessInitializeOnLoadAttributes (System.Type[])

Mono: successfully reloaded assembly
- Finished resetting the current domain, in  1.309 seconds
Domain Reload Profiling: 2090ms
	BeginReloadAssembly (256ms)
		ExecutionOrderSort (0ms)
		DisableScriptedObjects (10ms)
		BackupInstance (0ms)
		ReleaseScriptingObjects (0ms)
		CreateAndSetChildDomain (86ms)
	RebuildCommonClasses (31ms)
	RebuildNativeTypeToScriptingClass (10ms)
	initialDomainReloadingComplete (30ms)
	LoadAllAssembliesAndSetupDomain (454ms)
		LoadAssemblies (379ms)
		RebuildTransferFunctionScriptingTraits (0ms)
		AnalyzeDomain (171ms)
			TypeCache.Refresh (7ms)
				TypeCache.ScanAssembly (0ms)
			BuildScriptInfoCaches (148ms)
			ResolveRequiredComponents (11ms)
	FinalizeReload (1310ms)
		ReleaseScriptCaches (0ms)
		RebuildScriptCaches (0ms)
		SetupLoadedEditorAssemblies (890ms)
			LogAssemblyErrors (0ms)
			InitializePlatformSupportModulesInManaged (4ms)
			SetLoadedEditorAssemblies (8ms)
			BeforeProcessingInitializeOnLoad (179ms)
			ProcessInitializeOnLoadAttributes (626ms)
			ProcessInitializeOnLoadMethodAttributes (65ms)
			AfterProcessingInitializeOnLoad (7ms)
			EditorAssembliesLoaded (0ms)
		ExecutionOrderSort2 (0ms)
		AwakeInstancesAfterBackupRestoration (7ms)
Refreshing native plugins compatible for Editor in 1.20 ms, found 3 plugins.
Preloading 0 native plugins for Editor in 0.00 ms.
Unloading 32 Unused Serialized files (Serialized files now loaded: 0)
Unloading 6414 unused Assets / (6.0 MB). Loaded Objects now: 7032.
Memory consumption went from 154.2 MB to 148.2 MB.
Total: 16.218500 ms (FindLiveObjects: 0.542700 ms CreateObjectMapping: 0.452100 ms MarkObjects: 12.511400 ms  DeleteObjects: 2.710900 ms)

Prepare: number of updated asset objects reloaded= 0
========================================================================
Received Prepare
Assembly reference Packages/com.unity.cinemachine/Editor/Samples/ExposeHDRPInternals/HDRP-Editor-ref.asmref has no target assembly definition
Assembly reference Packages/com.unity.cinemachine/Editor/Samples/ExposeHDRPInternals/HDRP-Editor-ref.asmref has no target assembly definition
Begin MonoManager ReloadAssembly
- Loaded All Assemblies, in  0.636 seconds
Assembly reference Packages/com.unity.cinemachine/Editor/Samples/ExposeHDRPInternals/HDRP-Editor-ref.asmref has no target assembly definition
'Packages/com.unity.cinemachine/Editor/Obsolete/CinemachineVirtualCameraBaseEditor.cs' contains partial class of Unity.Object, exactly 1 of the partial classes needs to be in a file with the same filename. This is to know the one that can be referenced from ie. GameObjects
'Packages/com.unity.cinemachine/Editor/Editors/CinemachineVirtualCameraBaseEditor.cs' contains partial class of Unity.Object, exactly 1 of the partial classes needs to be in a file with the same filename. This is to know the one that can be referenced from ie. GameObjects
Refreshing native plugins compatible for Editor in 1.50 ms, found 3 plugins.
Native extension for WindowsStandalone target not found
Native extension for WebGL target not found
Assembly reference Packages/com.unity.cinemachine/Editor/Samples/ExposeHDRPInternals/HDRP-Editor-ref.asmref has no target assembly definition
[Package Manager] Failed to launch server process. Reason: Unity was launched with the -noUpm command-line argument
[Package Manager] Unable to send message (not connected to server process).
[Package Manager] Cannot connect to Unity Package Manager local server
System.Exception: Error! Visual Scripting: couldn't find visual scripting package
  at Unity.VisualScripting.PackageVersionUtility.get_version () [0x00025] in .\Library\PackageCache\com.unity.visualscripting@1b53f46e931b\Editor\VisualScripting.Core\Utilities\PackageVersionUtility.cs:22 
  at Unity.VisualScripting.BoltCoreManifest.get_version () [0x00000] in .\Library\PackageCache\com.unity.visualscripting@1b53f46e931b\Editor\VisualScripting.Core\Plugin\BoltCoreManifest.cs:11 
  at Unity.VisualScripting.PluginManifest.get_currentVersion () [0x00000] in .\Library\PackageCache\com.unity.visualscripting@1b53f46e931b\Editor\VisualScripting.Core\Plugins\PluginManifest.cs:33 
  at Unity.VisualScripting.PluginManifest.get_versionMismatch () [0x00000] in .\Library\PackageCache\com.unity.visualscripting@1b53f46e931b\Editor\VisualScripting.Core\Plugins\PluginManifest.cs:48 
  at Unity.VisualScripting.PluginContainer.Initialize () [0x0057d] in .\Library\PackageCache\com.unity.visualscripting@1b53f46e931b\Editor\VisualScripting.Core\Plugins\PluginContainer.cs:208 
  at Unity.VisualScripting.PluginContainer.InitializeOnLoad () [0x00012] in .\Library\PackageCache\com.unity.visualscripting@1b53f46e931b\Editor\VisualScripting.Core\Plugins\PluginContainer.cs:32 
  at Unity.VisualScripting.VSUsageUtility.DoInitializeOnLoadCalls () [0x00044] in .\Library\PackageCache\com.unity.visualscripting@1b53f46e931b\Editor\VisualScripting.Core\Utilities\VSUsageUtility.cs:76 
  at Unity.VisualScripting.VSUsageUtility.set_isVisualScriptingUsed (System.Boolean value) [0x00037] in .\Library\PackageCache\com.unity.visualscripting@1b53f46e931b\Editor\VisualScripting.Core\Utilities\VSUsageUtility.cs:114 
  at Unity.VisualScripting.VSUsageUtility.CheckAndSetIsVisualScriptingUsed () [0x00013] in .\Library\PackageCache\com.unity.visualscripting@1b53f46e931b\Editor\VisualScripting.Core\Utilities\VSUsageUtility.cs:33 
  at Unity.VisualScripting.VSUsageUtility..cctor () [0x0000d] in .\Library\PackageCache\com.unity.visualscripting@1b53f46e931b\Editor\VisualScripting.Core\Utilities\VSUsageUtility.cs:22 
UnityEngine.Debug:ExtractStackTraceNoAlloc (byte*,int,string)
UnityEngine.StackTraceUtility:ExtractStackTrace ()
UnityEngine.DebugLogHandler:Internal_Log (UnityEngine.LogType,UnityEngine.LogOption,string,UnityEngine.Object)
UnityEngine.DebugLogHandler:LogFormat (UnityEngine.LogType,UnityEngine.Object,string,object[])
UnityEngine.Logger:Log (UnityEngine.LogType,object)
UnityEngine.Debug:LogError (object)
UnityEditor.EditorAssemblies:ProcessInitializeOnLoadAttributes (System.Type[])

Mono: successfully reloaded assembly
- Finished resetting the current domain, in  1.142 seconds
Domain Reload Profiling: 1778ms
	BeginReloadAssembly (181ms)
		ExecutionOrderSort (0ms)
		DisableScriptedObjects (4ms)
		BackupInstance (0ms)
		ReleaseScriptingObjects (0ms)
		CreateAndSetChildDomain (45ms)
	RebuildCommonClasses (30ms)
	RebuildNativeTypeToScriptingClass (10ms)
	initialDomainReloadingComplete (22ms)
	LoadAllAssembliesAndSetupDomain (392ms)
		LoadAssemblies (325ms)
		RebuildTransferFunctionScriptingTraits (0ms)
		AnalyzeDomain (153ms)
			TypeCache.Refresh (7ms)
				TypeCache.ScanAssembly (0ms)
			BuildScriptInfoCaches (131ms)
			ResolveRequiredComponents (12ms)
	FinalizeReload (1143ms)
		ReleaseScriptCaches (0ms)
		RebuildScriptCaches (0ms)
		SetupLoadedEditorAssemblies (774ms)
			LogAssemblyErrors (0ms)
			InitializePlatformSupportModulesInManaged (3ms)
			SetLoadedEditorAssemblies (10ms)
			BeforeProcessingInitializeOnLoad (157ms)
			ProcessInitializeOnLoadAttributes (541ms)
			ProcessInitializeOnLoadMethodAttributes (57ms)
			AfterProcessingInitializeOnLoad (7ms)
			EditorAssembliesLoaded (0ms)
		ExecutionOrderSort2 (0ms)
		AwakeInstancesAfterBackupRestoration (6ms)
Refreshing native plugins compatible for Editor in 1.13 ms, found 3 plugins.
Preloading 0 native plugins for Editor in 0.00 ms.
Unloading 32 Unused Serialized files (Serialized files now loaded: 0)
Unloading 6414 unused Assets / (6.3 MB). Loaded Objects now: 7035.
Memory consumption went from 154.2 MB to 147.8 MB.
Total: 18.546000 ms (FindLiveObjects: 0.512800 ms CreateObjectMapping: 0.490400 ms MarkObjects: 15.066600 ms  DeleteObjects: 2.475000 ms)

Prepare: number of updated asset objects reloaded= 0
========================================================================
Received Import Request.
  Time since last request: 470.085157 seconds.
  path: Assets/AssedStore - Prefabs/Rowlan/Terrain/Stamps/Examples/Brushes/Dover Cliffs 06.brush
  artifactKey: Guid(2e21e48ec58838e419aae8b0dd42e7e5) Importer(815301076,1909f56bfc062723c751e8b465ee728b)
Start importing Assets/AssedStore - Prefabs/Rowlan/Terrain/Stamps/Examples/Brushes/Dover Cliffs 06.brush using Guid(2e21e48ec58838e419aae8b0dd42e7e5) Importer(815301076,1909f56bfc062723c751e8b465ee728b) (PreviewImporter) -> (artifact id: '309fc4772cdd5670c58a2431adc33b5d') in 0.1642218 seconds
Number of updated asset objects reloaded before import = 0Number of asset objects unloaded after import = 2

========================================================================
Received Import Request.
  Time since last request: 364.112810 seconds.
  path: Assets/AssedStore - Prefabs/Rowlan/Terrain/Stamps/Examples/Brushes/Rugged Shapes 12.brush
  artifactKey: Guid(ba6914fd3cd48a14a9a941d46733e513) Importer(815301076,1909f56bfc062723c751e8b465ee728b)
Start importing Assets/AssedStore - Prefabs/Rowlan/Terrain/Stamps/Examples/Brushes/Rugged Shapes 12.brush using Guid(ba6914fd3cd48a14a9a941d46733e513) Importer(815301076,1909f56bfc062723c751e8b465ee728b) (PreviewImporter) -> (artifact id: 'ee58e8538e602b3417f90530027a584d') in 0.0627265 seconds
Number of updated asset objects reloaded before import = 0Number of asset objects unloaded after import = 2

========================================================================
Received Import Request.
  Time since last request: 111.922121 seconds.
  path: Assets/AssedStore - Prefabs/Rowlan/Terrain/Stamps/Examples/Brushes/Rugged Rocks 20.brush
  artifactKey: Guid(a7b6584a62a54894997907c15a23fcb6) Importer(815301076,1909f56bfc062723c751e8b465ee728b)
Start importing Assets/AssedStore - Prefabs/Rowlan/Terrain/Stamps/Examples/Brushes/Rugged Rocks 20.brush using Guid(a7b6584a62a54894997907c15a23fcb6) Importer(815301076,1909f56bfc062723c751e8b465ee728b) (PreviewImporter) -> (artifact id: 'c5cde51a92d6c91f34cc6fbe71f8a2fd') in 0.0802039 seconds
Number of updated asset objects reloaded before import = 0Number of asset objects unloaded after import = 2

========================================================================
Received Prepare
Assembly reference Packages/com.unity.cinemachine/Editor/Samples/ExposeHDRPInternals/HDRP-Editor-ref.asmref has no target assembly definition
Assembly reference Packages/com.unity.cinemachine/Editor/Samples/ExposeHDRPInternals/HDRP-Editor-ref.asmref has no target assembly definition
Begin MonoManager ReloadAssembly
- Loaded All Assemblies, in  0.690 seconds
Assembly reference Packages/com.unity.cinemachine/Editor/Samples/ExposeHDRPInternals/HDRP-Editor-ref.asmref has no target assembly definition
'Packages/com.unity.cinemachine/Editor/Obsolete/CinemachineVirtualCameraBaseEditor.cs' contains partial class of Unity.Object, exactly 1 of the partial classes needs to be in a file with the same filename. This is to know the one that can be referenced from ie. GameObjects
'Packages/com.unity.cinemachine/Editor/Editors/CinemachineVirtualCameraBaseEditor.cs' contains partial class of Unity.Object, exactly 1 of the partial classes needs to be in a file with the same filename. This is to know the one that can be referenced from ie. GameObjects
Refreshing native plugins compatible for Editor in 0.91 ms, found 3 plugins.
Native extension for WindowsStandalone target not found
Native extension for WebGL target not found
Assembly reference Packages/com.unity.cinemachine/Editor/Samples/ExposeHDRPInternals/HDRP-Editor-ref.asmref has no target assembly definition
[Package Manager] Failed to launch server process. Reason: Unity was launched with the -noUpm command-line argument
[Package Manager] Unable to send message (not connected to server process).
[Package Manager] Cannot connect to Unity Package Manager local server
System.Exception: Error! Visual Scripting: couldn't find visual scripting package
  at Unity.VisualScripting.PackageVersionUtility.get_version () [0x00025] in .\Library\PackageCache\com.unity.visualscripting@1b53f46e931b\Editor\VisualScripting.Core\Utilities\PackageVersionUtility.cs:22 
  at Unity.VisualScripting.BoltCoreManifest.get_version () [0x00000] in .\Library\PackageCache\com.unity.visualscripting@1b53f46e931b\Editor\VisualScripting.Core\Plugin\BoltCoreManifest.cs:11 
  at Unity.VisualScripting.PluginManifest.get_currentVersion () [0x00000] in .\Library\PackageCache\com.unity.visualscripting@1b53f46e931b\Editor\VisualScripting.Core\Plugins\PluginManifest.cs:33 
  at Unity.VisualScripting.PluginManifest.get_versionMismatch () [0x00000] in .\Library\PackageCache\com.unity.visualscripting@1b53f46e931b\Editor\VisualScripting.Core\Plugins\PluginManifest.cs:48 
  at Unity.VisualScripting.PluginContainer.Initialize () [0x0057d] in .\Library\PackageCache\com.unity.visualscripting@1b53f46e931b\Editor\VisualScripting.Core\Plugins\PluginContainer.cs:208 
  at Unity.VisualScripting.PluginContainer.InitializeOnLoad () [0x00012] in .\Library\PackageCache\com.unity.visualscripting@1b53f46e931b\Editor\VisualScripting.Core\Plugins\PluginContainer.cs:32 
  at Unity.VisualScripting.VSUsageUtility.DoInitializeOnLoadCalls () [0x00044] in .\Library\PackageCache\com.unity.visualscripting@1b53f46e931b\Editor\VisualScripting.Core\Utilities\VSUsageUtility.cs:76 
  at Unity.VisualScripting.VSUsageUtility.set_isVisualScriptingUsed (System.Boolean value) [0x00037] in .\Library\PackageCache\com.unity.visualscripting@1b53f46e931b\Editor\VisualScripting.Core\Utilities\VSUsageUtility.cs:114 
  at Unity.VisualScripting.VSUsageUtility.CheckAndSetIsVisualScriptingUsed () [0x00013] in .\Library\PackageCache\com.unity.visualscripting@1b53f46e931b\Editor\VisualScripting.Core\Utilities\VSUsageUtility.cs:33 
  at Unity.VisualScripting.VSUsageUtility..cctor () [0x0000d] in .\Library\PackageCache\com.unity.visualscripting@1b53f46e931b\Editor\VisualScripting.Core\Utilities\VSUsageUtility.cs:22 
UnityEngine.Debug:ExtractStackTraceNoAlloc (byte*,int,string)
UnityEngine.StackTraceUtility:ExtractStackTrace ()
UnityEngine.DebugLogHandler:Internal_Log (UnityEngine.LogType,UnityEngine.LogOption,string,UnityEngine.Object)
UnityEngine.DebugLogHandler:LogFormat (UnityEngine.LogType,UnityEngine.Object,string,object[])
UnityEngine.Logger:Log (UnityEngine.LogType,object)
UnityEngine.Debug:LogError (object)
UnityEditor.EditorAssemblies:ProcessInitializeOnLoadAttributes (System.Type[])

Mono: successfully reloaded assembly
- Finished resetting the current domain, in  1.363 seconds
Domain Reload Profiling: 2054ms
	BeginReloadAssembly (189ms)
		ExecutionOrderSort (0ms)
		DisableScriptedObjects (5ms)
		BackupInstance (0ms)
		ReleaseScriptingObjects (0ms)
		CreateAndSetChildDomain (51ms)
	RebuildCommonClasses (31ms)
	RebuildNativeTypeToScriptingClass (10ms)
	initialDomainReloadingComplete (26ms)
	LoadAllAssembliesAndSetupDomain (434ms)
		LoadAssemblies (361ms)
		RebuildTransferFunctionScriptingTraits (0ms)
		AnalyzeDomain (161ms)
			TypeCache.Refresh (7ms)
				TypeCache.ScanAssembly (0ms)
			BuildScriptInfoCaches (139ms)
			ResolveRequiredComponents (11ms)
	FinalizeReload (1364ms)
		ReleaseScriptCaches (0ms)
		RebuildScriptCaches (0ms)
		SetupLoadedEditorAssemblies (953ms)
			LogAssemblyErrors (0ms)
			InitializePlatformSupportModulesInManaged (4ms)
			SetLoadedEditorAssemblies (12ms)
			BeforeProcessingInitializeOnLoad (214ms)
			ProcessInitializeOnLoadAttributes (664ms)
			ProcessInitializeOnLoadMethodAttributes (55ms)
			AfterProcessingInitializeOnLoad (4ms)
			EditorAssembliesLoaded (0ms)
		ExecutionOrderSort2 (0ms)
		AwakeInstancesAfterBackupRestoration (6ms)
Refreshing native plugins compatible for Editor in 1.66 ms, found 3 plugins.
Preloading 0 native plugins for Editor in 0.00 ms.
Unloading 32 Unused Serialized files (Serialized files now loaded: 0)
Unloading 6414 unused Assets / (6.7 MB). Loaded Objects now: 7042.
Memory consumption went from 156.1 MB to 149.4 MB.
Total: 19.388000 ms (FindLiveObjects: 0.917000 ms CreateObjectMapping: 0.626700 ms MarkObjects: 13.849500 ms  DeleteObjects: 3.993400 ms)

Prepare: number of updated asset objects reloaded= 0
========================================================================
Received Import Request.
  Time since last request: 873.668595 seconds.
  path: Assets/AssedStore - Prefabs/Rowlan/Terrain/Stamps/Examples/Brushes/Alien World - Bobble 02.brush
  artifactKey: Guid(8a120d76cbbc8d64d954a86bdb3fb697) Importer(815301076,1909f56bfc062723c751e8b465ee728b)
Start importing Assets/AssedStore - Prefabs/Rowlan/Terrain/Stamps/Examples/Brushes/Alien World - Bobble 02.brush using Guid(8a120d76cbbc8d64d954a86bdb3fb697) Importer(815301076,1909f56bfc062723c751e8b465ee728b) (PreviewImporter) -> (artifact id: '4d3d8a7afaa8f496662b8caaae5956a8') in 0.1359472 seconds
Number of updated asset objects reloaded before import = 0Number of asset objects unloaded after import = 2

========================================================================
Received Prepare
Assembly reference Packages/com.unity.cinemachine/Editor/Samples/ExposeHDRPInternals/HDRP-Editor-ref.asmref has no target assembly definition
Assembly reference Packages/com.unity.cinemachine/Editor/Samples/ExposeHDRPInternals/HDRP-Editor-ref.asmref has no target assembly definition
Begin MonoManager ReloadAssembly
- Loaded All Assemblies, in  0.676 seconds
Assembly reference Packages/com.unity.cinemachine/Editor/Samples/ExposeHDRPInternals/HDRP-Editor-ref.asmref has no target assembly definition
'Packages/com.unity.cinemachine/Editor/Obsolete/CinemachineVirtualCameraBaseEditor.cs' contains partial class of Unity.Object, exactly 1 of the partial classes needs to be in a file with the same filename. This is to know the one that can be referenced from ie. GameObjects
'Packages/com.unity.cinemachine/Editor/Editors/CinemachineVirtualCameraBaseEditor.cs' contains partial class of Unity.Object, exactly 1 of the partial classes needs to be in a file with the same filename. This is to know the one that can be referenced from ie. GameObjects
Refreshing native plugins compatible for Editor in 0.97 ms, found 3 plugins.
Native extension for WindowsStandalone target not found
Native extension for WebGL target not found
Assembly reference Packages/com.unity.cinemachine/Editor/Samples/ExposeHDRPInternals/HDRP-Editor-ref.asmref has no target assembly definition
[Package Manager] Failed to launch server process. Reason: Unity was launched with the -noUpm command-line argument
[Package Manager] Unable to send message (not connected to server process).
[Package Manager] Cannot connect to Unity Package Manager local server
System.Exception: Error! Visual Scripting: couldn't find visual scripting package
  at Unity.VisualScripting.PackageVersionUtility.get_version () [0x00025] in .\Library\PackageCache\com.unity.visualscripting@1b53f46e931b\Editor\VisualScripting.Core\Utilities\PackageVersionUtility.cs:22 
  at Unity.VisualScripting.BoltCoreManifest.get_version () [0x00000] in .\Library\PackageCache\com.unity.visualscripting@1b53f46e931b\Editor\VisualScripting.Core\Plugin\BoltCoreManifest.cs:11 
  at Unity.VisualScripting.PluginManifest.get_currentVersion () [0x00000] in .\Library\PackageCache\com.unity.visualscripting@1b53f46e931b\Editor\VisualScripting.Core\Plugins\PluginManifest.cs:33 
  at Unity.VisualScripting.PluginManifest.get_versionMismatch () [0x00000] in .\Library\PackageCache\com.unity.visualscripting@1b53f46e931b\Editor\VisualScripting.Core\Plugins\PluginManifest.cs:48 
  at Unity.VisualScripting.PluginContainer.Initialize () [0x0057d] in .\Library\PackageCache\com.unity.visualscripting@1b53f46e931b\Editor\VisualScripting.Core\Plugins\PluginContainer.cs:208 
  at Unity.VisualScripting.PluginContainer.InitializeOnLoad () [0x00012] in .\Library\PackageCache\com.unity.visualscripting@1b53f46e931b\Editor\VisualScripting.Core\Plugins\PluginContainer.cs:32 
  at Unity.VisualScripting.VSUsageUtility.DoInitializeOnLoadCalls () [0x00044] in .\Library\PackageCache\com.unity.visualscripting@1b53f46e931b\Editor\VisualScripting.Core\Utilities\VSUsageUtility.cs:76 
  at Unity.VisualScripting.VSUsageUtility.set_isVisualScriptingUsed (System.Boolean value) [0x00037] in .\Library\PackageCache\com.unity.visualscripting@1b53f46e931b\Editor\VisualScripting.Core\Utilities\VSUsageUtility.cs:114 
  at Unity.VisualScripting.VSUsageUtility.CheckAndSetIsVisualScriptingUsed () [0x00013] in .\Library\PackageCache\com.unity.visualscripting@1b53f46e931b\Editor\VisualScripting.Core\Utilities\VSUsageUtility.cs:33 
  at Unity.VisualScripting.VSUsageUtility..cctor () [0x0000d] in .\Library\PackageCache\com.unity.visualscripting@1b53f46e931b\Editor\VisualScripting.Core\Utilities\VSUsageUtility.cs:22 
UnityEngine.Debug:ExtractStackTraceNoAlloc (byte*,int,string)
UnityEngine.StackTraceUtility:ExtractStackTrace ()
UnityEngine.DebugLogHandler:Internal_Log (UnityEngine.LogType,UnityEngine.LogOption,string,UnityEngine.Object)
UnityEngine.DebugLogHandler:LogFormat (UnityEngine.LogType,UnityEngine.Object,string,object[])
UnityEngine.Logger:Log (UnityEngine.LogType,object)
UnityEngine.Debug:LogError (object)
UnityEditor.EditorAssemblies:ProcessInitializeOnLoadAttributes (System.Type[])

Mono: successfully reloaded assembly
- Finished resetting the current domain, in  1.492 seconds
Domain Reload Profiling: 2169ms
	BeginReloadAssembly (192ms)
		ExecutionOrderSort (0ms)
		DisableScriptedObjects (5ms)
		BackupInstance (0ms)
		ReleaseScriptingObjects (0ms)
		CreateAndSetChildDomain (52ms)
	RebuildCommonClasses (30ms)
	RebuildNativeTypeToScriptingClass (10ms)
	initialDomainReloadingComplete (24ms)
	LoadAllAssembliesAndSetupDomain (419ms)
		LoadAssemblies (344ms)
		RebuildTransferFunctionScriptingTraits (0ms)
		AnalyzeDomain (163ms)
			TypeCache.Refresh (6ms)
				TypeCache.ScanAssembly (0ms)
			BuildScriptInfoCaches (141ms)
			ResolveRequiredComponents (12ms)
	FinalizeReload (1493ms)
		ReleaseScriptCaches (0ms)
		RebuildScriptCaches (0ms)
		SetupLoadedEditorAssemblies (1018ms)
			LogAssemblyErrors (0ms)
			InitializePlatformSupportModulesInManaged (5ms)
			SetLoadedEditorAssemblies (13ms)
			BeforeProcessingInitializeOnLoad (213ms)
			ProcessInitializeOnLoadAttributes (708ms)
			ProcessInitializeOnLoadMethodAttributes (72ms)
			AfterProcessingInitializeOnLoad (8ms)
			EditorAssembliesLoaded (0ms)
		ExecutionOrderSort2 (0ms)
		AwakeInstancesAfterBackupRestoration (9ms)
Refreshing native plugins compatible for Editor in 1.12 ms, found 3 plugins.
Preloading 0 native plugins for Editor in 0.00 ms.
Unloading 32 Unused Serialized files (Serialized files now loaded: 0)
Unloading 6414 unused Assets / (6.4 MB). Loaded Objects now: 7047.
Memory consumption went from 156.1 MB to 149.7 MB.
Total: 18.997100 ms (FindLiveObjects: 0.724500 ms CreateObjectMapping: 0.528400 ms MarkObjects: 14.633600 ms  DeleteObjects: 3.108900 ms)

Prepare: number of updated asset objects reloaded= 0
========================================================================
Received Import Request.
  Time since last request: 166.606858 seconds.
  path: Assets/MicroVerse-Extras/Terrain Textures/Textures/Grass 06/Grass 06_Normal.png
  artifactKey: Guid(20b0821f81a758248b9b2da16063c87b) Importer(815301076,1909f56bfc062723c751e8b465ee728b)
Start importing Assets/MicroVerse-Extras/Terrain Textures/Textures/Grass 06/Grass 06_Normal.png using Guid(20b0821f81a758248b9b2da16063c87b) Importer(815301076,1909f56bfc062723c751e8b465ee728b) (PreviewImporter) -> (artifact id: '500220543b5b16da7e787dddcf816d9e') in 0.1028956 seconds
Number of updated asset objects reloaded before import = 0Number of asset objects unloaded after import = 2

========================================================================
Received Import Request.
  Time since last request: 61.266113 seconds.
  path: Assets/MicroVerse-Extras/Terrain Textures/Textures/Soil 01/Soil 01_BaseColor.png
  artifactKey: Guid(4d242aeeb575b0541b10dab0211a0689) Importer(815301076,1909f56bfc062723c751e8b465ee728b)
Start importing Assets/MicroVerse-Extras/Terrain Textures/Textures/Soil 01/Soil 01_BaseColor.png using Guid(4d242aeeb575b0541b10dab0211a0689) Importer(815301076,1909f56bfc062723c751e8b465ee728b) (PreviewImporter) -> (artifact id: '85c7b34bc53e85bf3063ef733146a63a') in 0.0295086 seconds
Number of updated asset objects reloaded before import = 0Number of asset objects unloaded after import = 2

========================================================================
Received Import Request.
  Time since last request: 4.229771 seconds.
  path: Assets/MicroVerse-Extras/Terrain Textures/Textures/Soil 01/Soil 01_Normal.png
  artifactKey: Guid(091e3a612f5eec445b4b0abbab49cbec) Importer(815301076,1909f56bfc062723c751e8b465ee728b)
Start importing Assets/MicroVerse-Extras/Terrain Textures/Textures/Soil 01/Soil 01_Normal.png using Guid(091e3a612f5eec445b4b0abbab49cbec) Importer(815301076,1909f56bfc062723c751e8b465ee728b) (PreviewImporter) -> (artifact id: '2fb84860b0be76abaeced652ad3a9e74') in 0.0262544 seconds
Number of updated asset objects reloaded before import = 0Number of asset objects unloaded after import = 2

========================================================================
Received Import Request.
  Time since last request: 99.979727 seconds.
  path: Assets/MicroVerse-Extras/Terrain Textures/Textures/Plantlet 02/Plantlet 02_BaseColor.png
  artifactKey: Guid(007e0be6842d3bf4c9973dba5e9b248f) Importer(815301076,1909f56bfc062723c751e8b465ee728b)
Start importing Assets/MicroVerse-Extras/Terrain Textures/Textures/Plantlet 02/Plantlet 02_BaseColor.png using Guid(007e0be6842d3bf4c9973dba5e9b248f) Importer(815301076,1909f56bfc062723c751e8b465ee728b) (PreviewImporter) -> (artifact id: '76fc5e82639ada07d5ae55bc261ba91c') in 0.0279446 seconds
Number of updated asset objects reloaded before import = 0Number of asset objects unloaded after import = 2

========================================================================
Received Import Request.
  Time since last request: 7.032342 seconds.
  path: Assets/MicroVerse-Extras/Terrain Textures/Textures/Plantlet 02/Plantlet 02_Normal.png
  artifactKey: Guid(c38af066ce03902469898b1c66bca8cd) Importer(815301076,1909f56bfc062723c751e8b465ee728b)
Start importing Assets/MicroVerse-Extras/Terrain Textures/Textures/Plantlet 02/Plantlet 02_Normal.png using Guid(c38af066ce03902469898b1c66bca8cd) Importer(815301076,1909f56bfc062723c751e8b465ee728b) (PreviewImporter) -> (artifact id: '63b8c21a12c7493833cae111ef3d850b') in 0.0275266 seconds
Number of updated asset objects reloaded before import = 0Number of asset objects unloaded after import = 2

========================================================================
Received Import Request.
  Time since last request: 81.774566 seconds.
  path: Assets/MicroVerse-Extras/Terrain Textures/Textures/Grass 08/Grass 08_BaseColor.png
  artifactKey: Guid(c709f8237f86e064d8879732a31a3f51) Importer(815301076,1909f56bfc062723c751e8b465ee728b)
Start importing Assets/MicroVerse-Extras/Terrain Textures/Textures/Grass 08/Grass 08_BaseColor.png using Guid(c709f8237f86e064d8879732a31a3f51) Importer(815301076,1909f56bfc062723c751e8b465ee728b) (PreviewImporter) -> (artifact id: '75bcc2d74bc1b9d9c70c9487c82feb6b') in 0.0238682 seconds
Number of updated asset objects reloaded before import = 0Number of asset objects unloaded after import = 2

========================================================================
Received Import Request.
  Time since last request: 2.950718 seconds.
  path: Assets/MicroVerse-Extras/Terrain Textures/Textures/Grass 08/Grass 08_Normal.png
  artifactKey: Guid(1b6e3f434f63e394ebdcd493c4aebda0) Importer(815301076,1909f56bfc062723c751e8b465ee728b)
Start importing Assets/MicroVerse-Extras/Terrain Textures/Textures/Grass 08/Grass 08_Normal.png using Guid(1b6e3f434f63e394ebdcd493c4aebda0) Importer(815301076,1909f56bfc062723c751e8b465ee728b) (PreviewImporter) -> (artifact id: 'a5526f6e9d6b06cc1828adc029377f76') in 0.0337964 seconds
Number of updated asset objects reloaded before import = 0Number of asset objects unloaded after import = 2

========================================================================
Received Import Request.
  Time since last request: 86.011571 seconds.
  path: Assets/MicroVerse-Extras/Terrain Textures/Textures/Sand 01/Sand 01_BaseColor.png
  artifactKey: Guid(67181ecb975783544ac9ec2202f76b35) Importer(815301076,1909f56bfc062723c751e8b465ee728b)
Start importing Assets/MicroVerse-Extras/Terrain Textures/Textures/Sand 01/Sand 01_BaseColor.png using Guid(67181ecb975783544ac9ec2202f76b35) Importer(815301076,1909f56bfc062723c751e8b465ee728b) (PreviewImporter) -> (artifact id: '2f6ca188a5ec1b06178595b6c3eedfb7') in 0.0255187 seconds
Number of updated asset objects reloaded before import = 0Number of asset objects unloaded after import = 2

========================================================================
Received Import Request.
  Time since last request: 2.275782 seconds.
  path: Assets/MicroVerse-Extras/Terrain Textures/Textures/Sand 01/Sand 01_Normal.png
  artifactKey: Guid(16c87f3a92b1407438d2c5feed54bd91) Importer(815301076,1909f56bfc062723c751e8b465ee728b)
Start importing Assets/MicroVerse-Extras/Terrain Textures/Textures/Sand 01/Sand 01_Normal.png using Guid(16c87f3a92b1407438d2c5feed54bd91) Importer(815301076,1909f56bfc062723c751e8b465ee728b) (PreviewImporter) -> (artifact id: '9669e3f26d2d3897b2a7877d9395d72a') in 0.026523 seconds
Number of updated asset objects reloaded before import = 0Number of asset objects unloaded after import = 2

========================================================================
Received Import Request.
  Time since last request: 69.482542 seconds.
  path: Assets/MicroVerse-Extras/Terrain Textures/Textures/Snow 01/Snow 01_BaseColor.png
  artifactKey: Guid(2429085135ee66846a7d8f6d01722b4d) Importer(815301076,1909f56bfc062723c751e8b465ee728b)
Start importing Assets/MicroVerse-Extras/Terrain Textures/Textures/Snow 01/Snow 01_BaseColor.png using Guid(2429085135ee66846a7d8f6d01722b4d) Importer(815301076,1909f56bfc062723c751e8b465ee728b) (PreviewImporter) -> (artifact id: '5eb9f6df69dec9c4c6438a86c02662ec') in 0.0236445 seconds
Number of updated asset objects reloaded before import = 0Number of asset objects unloaded after import = 2

========================================================================
Received Import Request.
  Time since last request: 3.718819 seconds.
  path: Assets/MicroVerse-Extras/Terrain Textures/Textures/Snow 01/Snow 01_Normal.png
  artifactKey: Guid(8768f1cd68ca0ab4cb19e830e96fecf4) Importer(815301076,1909f56bfc062723c751e8b465ee728b)
Start importing Assets/MicroVerse-Extras/Terrain Textures/Textures/Snow 01/Snow 01_Normal.png using Guid(8768f1cd68ca0ab4cb19e830e96fecf4) Importer(815301076,1909f56bfc062723c751e8b465ee728b) (PreviewImporter) -> (artifact id: 'd976c7a3ec1ce8bba5b6f4c483e323bd') in 0.0263697 seconds
Number of updated asset objects reloaded before import = 0Number of asset objects unloaded after import = 2

========================================================================
Received Prepare
Assembly reference Packages/com.unity.cinemachine/Editor/Samples/ExposeHDRPInternals/HDRP-Editor-ref.asmref has no target assembly definition
Assembly reference Packages/com.unity.cinemachine/Editor/Samples/ExposeHDRPInternals/HDRP-Editor-ref.asmref has no target assembly definition
Begin MonoManager ReloadAssembly
- Loaded All Assemblies, in  0.683 seconds
Assembly reference Packages/com.unity.cinemachine/Editor/Samples/ExposeHDRPInternals/HDRP-Editor-ref.asmref has no target assembly definition
'Packages/com.unity.cinemachine/Editor/Obsolete/CinemachineVirtualCameraBaseEditor.cs' contains partial class of Unity.Object, exactly 1 of the partial classes needs to be in a file with the same filename. This is to know the one that can be referenced from ie. GameObjects
'Packages/com.unity.cinemachine/Editor/Editors/CinemachineVirtualCameraBaseEditor.cs' contains partial class of Unity.Object, exactly 1 of the partial classes needs to be in a file with the same filename. This is to know the one that can be referenced from ie. GameObjects
Refreshing native plugins compatible for Editor in 1.36 ms, found 3 plugins.
Native extension for WindowsStandalone target not found
Native extension for WebGL target not found
Assembly reference Packages/com.unity.cinemachine/Editor/Samples/ExposeHDRPInternals/HDRP-Editor-ref.asmref has no target assembly definition
[Package Manager] Failed to launch server process. Reason: Unity was launched with the -noUpm command-line argument
[Package Manager] Unable to send message (not connected to server process).
[Package Manager] Cannot connect to Unity Package Manager local server
System.Exception: Error! Visual Scripting: couldn't find visual scripting package
  at Unity.VisualScripting.PackageVersionUtility.get_version () [0x00025] in .\Library\PackageCache\com.unity.visualscripting@1b53f46e931b\Editor\VisualScripting.Core\Utilities\PackageVersionUtility.cs:22 
  at Unity.VisualScripting.BoltCoreManifest.get_version () [0x00000] in .\Library\PackageCache\com.unity.visualscripting@1b53f46e931b\Editor\VisualScripting.Core\Plugin\BoltCoreManifest.cs:11 
  at Unity.VisualScripting.PluginManifest.get_currentVersion () [0x00000] in .\Library\PackageCache\com.unity.visualscripting@1b53f46e931b\Editor\VisualScripting.Core\Plugins\PluginManifest.cs:33 
  at Unity.VisualScripting.PluginManifest.get_versionMismatch () [0x00000] in .\Library\PackageCache\com.unity.visualscripting@1b53f46e931b\Editor\VisualScripting.Core\Plugins\PluginManifest.cs:48 
  at Unity.VisualScripting.PluginContainer.Initialize () [0x0057d] in .\Library\PackageCache\com.unity.visualscripting@1b53f46e931b\Editor\VisualScripting.Core\Plugins\PluginContainer.cs:208 
  at Unity.VisualScripting.PluginContainer.InitializeOnLoad () [0x00012] in .\Library\PackageCache\com.unity.visualscripting@1b53f46e931b\Editor\VisualScripting.Core\Plugins\PluginContainer.cs:32 
  at Unity.VisualScripting.VSUsageUtility.DoInitializeOnLoadCalls () [0x00044] in .\Library\PackageCache\com.unity.visualscripting@1b53f46e931b\Editor\VisualScripting.Core\Utilities\VSUsageUtility.cs:76 
  at Unity.VisualScripting.VSUsageUtility.set_isVisualScriptingUsed (System.Boolean value) [0x00037] in .\Library\PackageCache\com.unity.visualscripting@1b53f46e931b\Editor\VisualScripting.Core\Utilities\VSUsageUtility.cs:114 
  at Unity.VisualScripting.VSUsageUtility.CheckAndSetIsVisualScriptingUsed () [0x00013] in .\Library\PackageCache\com.unity.visualscripting@1b53f46e931b\Editor\VisualScripting.Core\Utilities\VSUsageUtility.cs:33 
  at Unity.VisualScripting.VSUsageUtility..cctor () [0x0000d] in .\Library\PackageCache\com.unity.visualscripting@1b53f46e931b\Editor\VisualScripting.Core\Utilities\VSUsageUtility.cs:22 
UnityEngine.Debug:ExtractStackTraceNoAlloc (byte*,int,string)
UnityEngine.StackTraceUtility:ExtractStackTrace ()
UnityEngine.DebugLogHandler:Internal_Log (UnityEngine.LogType,UnityEngine.LogOption,string,UnityEngine.Object)
UnityEngine.DebugLogHandler:LogFormat (UnityEngine.LogType,UnityEngine.Object,string,object[])
UnityEngine.Logger:Log (UnityEngine.LogType,object)
UnityEngine.Debug:LogError (object)
UnityEditor.EditorAssemblies:ProcessInitializeOnLoadAttributes (System.Type[])

Mono: successfully reloaded assembly
- Finished resetting the current domain, in  1.591 seconds
Domain Reload Profiling: 2273ms
	BeginReloadAssembly (194ms)
		ExecutionOrderSort (0ms)
		DisableScriptedObjects (6ms)
		BackupInstance (0ms)
		ReleaseScriptingObjects (0ms)
		CreateAndSetChildDomain (50ms)
	RebuildCommonClasses (33ms)
	RebuildNativeTypeToScriptingClass (11ms)
	initialDomainReloadingComplete (26ms)
	LoadAllAssembliesAndSetupDomain (419ms)
		LoadAssemblies (343ms)
		RebuildTransferFunctionScriptingTraits (0ms)
		AnalyzeDomain (165ms)
			TypeCache.Refresh (8ms)
				TypeCache.ScanAssembly (0ms)
			BuildScriptInfoCaches (142ms)
			ResolveRequiredComponents (11ms)
	FinalizeReload (1591ms)
		ReleaseScriptCaches (0ms)
		RebuildScriptCaches (0ms)
		SetupLoadedEditorAssemblies (1059ms)
			LogAssemblyErrors (0ms)
			InitializePlatformSupportModulesInManaged (4ms)
			SetLoadedEditorAssemblies (17ms)
			BeforeProcessingInitializeOnLoad (223ms)
			ProcessInitializeOnLoadAttributes (737ms)
			ProcessInitializeOnLoadMethodAttributes (72ms)
			AfterProcessingInitializeOnLoad (7ms)
			EditorAssembliesLoaded (0ms)
		ExecutionOrderSort2 (0ms)
		AwakeInstancesAfterBackupRestoration (8ms)
Refreshing native plugins compatible for Editor in 1.80 ms, found 3 plugins.
Preloading 0 native plugins for Editor in 0.00 ms.
Unloading 32 Unused Serialized files (Serialized files now loaded: 0)
Unloading 6414 unused Assets / (6.4 MB). Loaded Objects now: 7052.
Memory consumption went from 156.2 MB to 149.8 MB.
Total: 21.726500 ms (FindLiveObjects: 0.608100 ms CreateObjectMapping: 0.713400 ms MarkObjects: 16.932500 ms  DeleteObjects: 3.470400 ms)

Prepare: number of updated asset objects reloaded= 0
========================================================================
Received Import Request.
  Time since last request: 267.505076 seconds.
  path: Assets/AssedStore - Prefabs/LowpolyStyle/Alpine Woodland/DemoScene/Materials/Woodlands.mat
  artifactKey: Guid(b11e5a78a98e93645b8570d019ac5f37) Importer(815301076,1909f56bfc062723c751e8b465ee728b)
Start importing Assets/AssedStore - Prefabs/LowpolyStyle/Alpine Woodland/DemoScene/Materials/Woodlands.mat using Guid(b11e5a78a98e93645b8570d019ac5f37) Importer(815301076,1909f56bfc062723c751e8b465ee728b) (PreviewImporter) -> (artifact id: '6e2256ca72518c83c306049816b3ff93') in 0.1524887 seconds
Number of updated asset objects reloaded before import = 0Number of asset objects unloaded after import = 2

========================================================================
Received Import Request.
  Time since last request: 17.007309 seconds.
  path: Assets/AssedStore - Prefabs/LowpolyStyle/Alpine Woodland/Prefabs/Wagon.prefab
  artifactKey: Guid(562808a9cf61c1f41a475378c1fd3f97) Importer(815301076,1909f56bfc062723c751e8b465ee728b)
Start importing Assets/AssedStore - Prefabs/LowpolyStyle/Alpine Woodland/Prefabs/Wagon.prefab using Guid(562808a9cf61c1f41a475378c1fd3f97) Importer(815301076,1909f56bfc062723c751e8b465ee728b) (PreviewImporter) -> (artifact id: 'b507959e374cc7df9c30ce6a639bc84e') in 0.130218 seconds
Number of updated asset objects reloaded before import = 0Number of asset objects unloaded after import = 10

========================================================================
Received Import Request.
  Time since last request: 0.000020 seconds.
  path: Assets/AssedStore - Prefabs/LowpolyStyle/Alpine Woodland/Prefabs/WoodenHouse1.prefab
  artifactKey: Guid(64c6e0e4b7aac8d4ea7a68eaf9d54b7d) Importer(815301076,1909f56bfc062723c751e8b465ee728b)
Start importing Assets/AssedStore - Prefabs/LowpolyStyle/Alpine Woodland/Prefabs/WoodenHouse1.prefab using Guid(64c6e0e4b7aac8d4ea7a68eaf9d54b7d) Importer(815301076,1909f56bfc062723c751e8b465ee728b) (PreviewImporter) -> (artifact id: 'eb9889fb52c47c4ac0952cd47a3be1f8') in 0.0443913 seconds
Number of updated asset objects reloaded before import = 0Number of asset objects unloaded after import = 10

========================================================================
Received Import Request.
  Time since last request: 0.161322 seconds.
  path: Assets/AssedStore - Prefabs/LowpolyStyle/Alpine Woodland/Prefabs/WoodenHouse3.prefab
  artifactKey: Guid(f93de0dfa6b2b8241aef425cac105efe) Importer(815301076,1909f56bfc062723c751e8b465ee728b)
Start importing Assets/AssedStore - Prefabs/LowpolyStyle/Alpine Woodland/Prefabs/WoodenHouse3.prefab using Guid(f93de0dfa6b2b8241aef425cac105efe) Importer(815301076,1909f56bfc062723c751e8b465ee728b) (PreviewImporter) -> (artifact id: '5d020ccc146eb34e88c35a54e71017a1') in 0.0397552 seconds
Number of updated asset objects reloaded before import = 0Number of asset objects unloaded after import = 10

========================================================================
Received Import Request.
  Time since last request: 0.000016 seconds.
  path: Assets/AssedStore - Prefabs/LowpolyStyle/Alpine Woodland/Prefabs/WoodenWall1.prefab
  artifactKey: Guid(7a659e5cb7951c542bc517b94f4bcea9) Importer(815301076,1909f56bfc062723c751e8b465ee728b)
Start importing Assets/AssedStore - Prefabs/LowpolyStyle/Alpine Woodland/Prefabs/WoodenWall1.prefab using Guid(7a659e5cb7951c542bc517b94f4bcea9) Importer(815301076,1909f56bfc062723c751e8b465ee728b) (PreviewImporter) -> (artifact id: '4b429e2255048116af3400ea9bc26329') in 0.042837 seconds
Number of updated asset objects reloaded before import = 0Number of asset objects unloaded after import = 10

========================================================================
Received Import Request.
  Time since last request: 0.251914 seconds.
  path: Assets/AssedStore - Prefabs/LowpolyStyle/Alpine Woodland/Prefabs/WoodenWallDamaged1.prefab
  artifactKey: Guid(c50cb335843e9a3459f4ab45782976f6) Importer(815301076,1909f56bfc062723c751e8b465ee728b)
Start importing Assets/AssedStore - Prefabs/LowpolyStyle/Alpine Woodland/Prefabs/WoodenWallDamaged1.prefab using Guid(c50cb335843e9a3459f4ab45782976f6) Importer(815301076,1909f56bfc062723c751e8b465ee728b) (PreviewImporter) -> (artifact id: 'ccb426d82e6c28ddff10027b602bf466') in 0.0390754 seconds
Number of updated asset objects reloaded before import = 0Number of asset objects unloaded after import = 10

========================================================================
Received Prepare
Assembly reference Packages/com.unity.cinemachine/Editor/Samples/ExposeHDRPInternals/HDRP-Editor-ref.asmref has no target assembly definition
Assembly reference Packages/com.unity.cinemachine/Editor/Samples/ExposeHDRPInternals/HDRP-Editor-ref.asmref has no target assembly definition
Begin MonoManager ReloadAssembly
- Loaded All Assemblies, in  0.661 seconds
Assembly reference Packages/com.unity.cinemachine/Editor/Samples/ExposeHDRPInternals/HDRP-Editor-ref.asmref has no target assembly definition
'Packages/com.unity.cinemachine/Editor/Obsolete/CinemachineVirtualCameraBaseEditor.cs' contains partial class of Unity.Object, exactly 1 of the partial classes needs to be in a file with the same filename. This is to know the one that can be referenced from ie. GameObjects
'Packages/com.unity.cinemachine/Editor/Editors/CinemachineVirtualCameraBaseEditor.cs' contains partial class of Unity.Object, exactly 1 of the partial classes needs to be in a file with the same filename. This is to know the one that can be referenced from ie. GameObjects
Refreshing native plugins compatible for Editor in 1.45 ms, found 3 plugins.
Native extension for WindowsStandalone target not found
Native extension for WebGL target not found
Assembly reference Packages/com.unity.cinemachine/Editor/Samples/ExposeHDRPInternals/HDRP-Editor-ref.asmref has no target assembly definition
[Package Manager] Failed to launch server process. Reason: Unity was launched with the -noUpm command-line argument
[Package Manager] Unable to send message (not connected to server process).
[Package Manager] Cannot connect to Unity Package Manager local server
System.Exception: Error! Visual Scripting: couldn't find visual scripting package
  at Unity.VisualScripting.PackageVersionUtility.get_version () [0x00025] in .\Library\PackageCache\com.unity.visualscripting@1b53f46e931b\Editor\VisualScripting.Core\Utilities\PackageVersionUtility.cs:22 
  at Unity.VisualScripting.BoltCoreManifest.get_version () [0x00000] in .\Library\PackageCache\com.unity.visualscripting@1b53f46e931b\Editor\VisualScripting.Core\Plugin\BoltCoreManifest.cs:11 
  at Unity.VisualScripting.PluginManifest.get_currentVersion () [0x00000] in .\Library\PackageCache\com.unity.visualscripting@1b53f46e931b\Editor\VisualScripting.Core\Plugins\PluginManifest.cs:33 
  at Unity.VisualScripting.PluginManifest.get_versionMismatch () [0x00000] in .\Library\PackageCache\com.unity.visualscripting@1b53f46e931b\Editor\VisualScripting.Core\Plugins\PluginManifest.cs:48 
  at Unity.VisualScripting.PluginContainer.Initialize () [0x0057d] in .\Library\PackageCache\com.unity.visualscripting@1b53f46e931b\Editor\VisualScripting.Core\Plugins\PluginContainer.cs:208 
  at Unity.VisualScripting.PluginContainer.InitializeOnLoad () [0x00012] in .\Library\PackageCache\com.unity.visualscripting@1b53f46e931b\Editor\VisualScripting.Core\Plugins\PluginContainer.cs:32 
  at Unity.VisualScripting.VSUsageUtility.DoInitializeOnLoadCalls () [0x00044] in .\Library\PackageCache\com.unity.visualscripting@1b53f46e931b\Editor\VisualScripting.Core\Utilities\VSUsageUtility.cs:76 
  at Unity.VisualScripting.VSUsageUtility.set_isVisualScriptingUsed (System.Boolean value) [0x00037] in .\Library\PackageCache\com.unity.visualscripting@1b53f46e931b\Editor\VisualScripting.Core\Utilities\VSUsageUtility.cs:114 
  at Unity.VisualScripting.VSUsageUtility.CheckAndSetIsVisualScriptingUsed () [0x00013] in .\Library\PackageCache\com.unity.visualscripting@1b53f46e931b\Editor\VisualScripting.Core\Utilities\VSUsageUtility.cs:33 
  at Unity.VisualScripting.VSUsageUtility..cctor () [0x0000d] in .\Library\PackageCache\com.unity.visualscripting@1b53f46e931b\Editor\VisualScripting.Core\Utilities\VSUsageUtility.cs:22 
UnityEngine.Debug:ExtractStackTraceNoAlloc (byte*,int,string)
UnityEngine.StackTraceUtility:ExtractStackTrace ()
UnityEngine.DebugLogHandler:Internal_Log (UnityEngine.LogType,UnityEngine.LogOption,string,UnityEngine.Object)
UnityEngine.DebugLogHandler:LogFormat (UnityEngine.LogType,UnityEngine.Object,string,object[])
UnityEngine.Logger:Log (UnityEngine.LogType,object)
UnityEngine.Debug:LogError (object)
UnityEditor.EditorAssemblies:ProcessInitializeOnLoadAttributes (System.Type[])

Mono: successfully reloaded assembly
- Finished resetting the current domain, in  1.551 seconds
Domain Reload Profiling: 2211ms
	BeginReloadAssembly (193ms)
		ExecutionOrderSort (0ms)
		DisableScriptedObjects (6ms)
		BackupInstance (0ms)
		ReleaseScriptingObjects (0ms)
		CreateAndSetChildDomain (52ms)
	RebuildCommonClasses (29ms)
	RebuildNativeTypeToScriptingClass (10ms)
	initialDomainReloadingComplete (26ms)
	LoadAllAssembliesAndSetupDomain (402ms)
		LoadAssemblies (328ms)
		RebuildTransferFunctionScriptingTraits (0ms)
		AnalyzeDomain (161ms)
			TypeCache.Refresh (6ms)
				TypeCache.ScanAssembly (0ms)
			BuildScriptInfoCaches (141ms)
			ResolveRequiredComponents (10ms)
	FinalizeReload (1551ms)
		ReleaseScriptCaches (0ms)
		RebuildScriptCaches (0ms)
		SetupLoadedEditorAssemblies (1126ms)
			LogAssemblyErrors (0ms)
			InitializePlatformSupportModulesInManaged (4ms)
			SetLoadedEditorAssemblies (8ms)
			BeforeProcessingInitializeOnLoad (236ms)
			ProcessInitializeOnLoadAttributes (794ms)
			ProcessInitializeOnLoadMethodAttributes (77ms)
			AfterProcessingInitializeOnLoad (5ms)
			EditorAssembliesLoaded (0ms)
		ExecutionOrderSort2 (0ms)
		AwakeInstancesAfterBackupRestoration (6ms)
Refreshing native plugins compatible for Editor in 1.77 ms, found 3 plugins.
Preloading 0 native plugins for Editor in 0.00 ms.
Unloading 32 Unused Serialized files (Serialized files now loaded: 0)
Unloading 6414 unused Assets / (6.7 MB). Loaded Objects now: 7095.
Memory consumption went from 156.6 MB to 149.9 MB.
Total: 20.751200 ms (FindLiveObjects: 0.604400 ms CreateObjectMapping: 0.707200 ms MarkObjects: 15.747500 ms  DeleteObjects: 3.690400 ms)

Prepare: number of updated asset objects reloaded= 0
========================================================================
Received Prepare
Assembly reference Packages/com.unity.cinemachine/Editor/Samples/ExposeHDRPInternals/HDRP-Editor-ref.asmref has no target assembly definition
Assembly reference Packages/com.unity.cinemachine/Editor/Samples/ExposeHDRPInternals/HDRP-Editor-ref.asmref has no target assembly definition
Begin MonoManager ReloadAssembly
- Loaded All Assemblies, in  0.669 seconds
Assembly reference Packages/com.unity.cinemachine/Editor/Samples/ExposeHDRPInternals/HDRP-Editor-ref.asmref has no target assembly definition
'Packages/com.unity.cinemachine/Editor/Obsolete/CinemachineVirtualCameraBaseEditor.cs' contains partial class of Unity.Object, exactly 1 of the partial classes needs to be in a file with the same filename. This is to know the one that can be referenced from ie. GameObjects
'Packages/com.unity.cinemachine/Editor/Editors/CinemachineVirtualCameraBaseEditor.cs' contains partial class of Unity.Object, exactly 1 of the partial classes needs to be in a file with the same filename. This is to know the one that can be referenced from ie. GameObjects
Refreshing native plugins compatible for Editor in 1.15 ms, found 3 plugins.
Native extension for WindowsStandalone target not found
Native extension for WebGL target not found
Assembly reference Packages/com.unity.cinemachine/Editor/Samples/ExposeHDRPInternals/HDRP-Editor-ref.asmref has no target assembly definition
[Package Manager] Failed to launch server process. Reason: Unity was launched with the -noUpm command-line argument
[Package Manager] Unable to send message (not connected to server process).
[Package Manager] Cannot connect to Unity Package Manager local server
System.Exception: Error! Visual Scripting: couldn't find visual scripting package
  at Unity.VisualScripting.PackageVersionUtility.get_version () [0x00025] in .\Library\PackageCache\com.unity.visualscripting@1b53f46e931b\Editor\VisualScripting.Core\Utilities\PackageVersionUtility.cs:22 
  at Unity.VisualScripting.BoltCoreManifest.get_version () [0x00000] in .\Library\PackageCache\com.unity.visualscripting@1b53f46e931b\Editor\VisualScripting.Core\Plugin\BoltCoreManifest.cs:11 
  at Unity.VisualScripting.PluginManifest.get_currentVersion () [0x00000] in .\Library\PackageCache\com.unity.visualscripting@1b53f46e931b\Editor\VisualScripting.Core\Plugins\PluginManifest.cs:33 
  at Unity.VisualScripting.PluginManifest.get_versionMismatch () [0x00000] in .\Library\PackageCache\com.unity.visualscripting@1b53f46e931b\Editor\VisualScripting.Core\Plugins\PluginManifest.cs:48 
  at Unity.VisualScripting.PluginContainer.Initialize () [0x0057d] in .\Library\PackageCache\com.unity.visualscripting@1b53f46e931b\Editor\VisualScripting.Core\Plugins\PluginContainer.cs:208 
  at Unity.VisualScripting.PluginContainer.InitializeOnLoad () [0x00012] in .\Library\PackageCache\com.unity.visualscripting@1b53f46e931b\Editor\VisualScripting.Core\Plugins\PluginContainer.cs:32 
  at Unity.VisualScripting.VSUsageUtility.DoInitializeOnLoadCalls () [0x00044] in .\Library\PackageCache\com.unity.visualscripting@1b53f46e931b\Editor\VisualScripting.Core\Utilities\VSUsageUtility.cs:76 
  at Unity.VisualScripting.VSUsageUtility.set_isVisualScriptingUsed (System.Boolean value) [0x00037] in .\Library\PackageCache\com.unity.visualscripting@1b53f46e931b\Editor\VisualScripting.Core\Utilities\VSUsageUtility.cs:114 
  at Unity.VisualScripting.VSUsageUtility.CheckAndSetIsVisualScriptingUsed () [0x00013] in .\Library\PackageCache\com.unity.visualscripting@1b53f46e931b\Editor\VisualScripting.Core\Utilities\VSUsageUtility.cs:33 
  at Unity.VisualScripting.VSUsageUtility..cctor () [0x0000d] in .\Library\PackageCache\com.unity.visualscripting@1b53f46e931b\Editor\VisualScripting.Core\Utilities\VSUsageUtility.cs:22 
UnityEngine.Debug:ExtractStackTraceNoAlloc (byte*,int,string)
UnityEngine.StackTraceUtility:ExtractStackTrace ()
UnityEngine.DebugLogHandler:Internal_Log (UnityEngine.LogType,UnityEngine.LogOption,string,UnityEngine.Object)
UnityEngine.DebugLogHandler:LogFormat (UnityEngine.LogType,UnityEngine.Object,string,object[])
UnityEngine.Logger:Log (UnityEngine.LogType,object)
UnityEngine.Debug:LogError (object)
UnityEditor.EditorAssemblies:ProcessInitializeOnLoadAttributes (System.Type[])

Mono: successfully reloaded assembly
- Finished resetting the current domain, in  1.493 seconds
Domain Reload Profiling: 2163ms
	BeginReloadAssembly (189ms)
		ExecutionOrderSort (0ms)
		DisableScriptedObjects (4ms)
		BackupInstance (0ms)
		ReleaseScriptingObjects (0ms)
		CreateAndSetChildDomain (48ms)
	RebuildCommonClasses (30ms)
	RebuildNativeTypeToScriptingClass (11ms)
	initialDomainReloadingComplete (24ms)
	LoadAllAssembliesAndSetupDomain (415ms)
		LoadAssemblies (338ms)
		RebuildTransferFunctionScriptingTraits (0ms)
		AnalyzeDomain (164ms)
			TypeCache.Refresh (6ms)
				TypeCache.ScanAssembly (0ms)
			BuildScriptInfoCaches (142ms)
			ResolveRequiredComponents (12ms)
	FinalizeReload (1494ms)
		ReleaseScriptCaches (0ms)
		RebuildScriptCaches (0ms)
		SetupLoadedEditorAssemblies (1041ms)
			LogAssemblyErrors (0ms)
			InitializePlatformSupportModulesInManaged (5ms)
			SetLoadedEditorAssemblies (8ms)
			BeforeProcessingInitializeOnLoad (225ms)
			ProcessInitializeOnLoadAttributes (732ms)
			ProcessInitializeOnLoadMethodAttributes (65ms)
			AfterProcessingInitializeOnLoad (6ms)
			EditorAssembliesLoaded (0ms)
		ExecutionOrderSort2 (0ms)
		AwakeInstancesAfterBackupRestoration (7ms)
Refreshing native plugins compatible for Editor in 1.30 ms, found 3 plugins.
Preloading 0 native plugins for Editor in 0.00 ms.
Unloading 32 Unused Serialized files (Serialized files now loaded: 0)
Unloading 6414 unused Assets / (6.6 MB). Loaded Objects now: 7098.
Memory consumption went from 156.6 MB to 149.9 MB.
Total: 23.548300 ms (FindLiveObjects: 0.769100 ms CreateObjectMapping: 0.984100 ms MarkObjects: 18.149400 ms  DeleteObjects: 3.643700 ms)

Prepare: number of updated asset objects reloaded= 0
========================================================================
Received Import Request.
  Time since last request: 464.957587 seconds.
  path: Assets/AssedStore - Prefabs/Rowlan/Terrain/Stamps/Examples/Brushes/Islands 23.brush
  artifactKey: Guid(472df1d235f68bf458f026d8b0af8d4d) Importer(815301076,1909f56bfc062723c751e8b465ee728b)
Start importing Assets/AssedStore - Prefabs/Rowlan/Terrain/Stamps/Examples/Brushes/Islands 23.brush using Guid(472df1d235f68bf458f026d8b0af8d4d) Importer(815301076,1909f56bfc062723c751e8b465ee728b) (PreviewImporter) -> (artifact id: '57b8da09df7620c86855e09470c7cbe0') in 0.1105836 seconds
Number of updated asset objects reloaded before import = 0Number of asset objects unloaded after import = 2

========================================================================
Received Import Request.
  Time since last request: 7.633061 seconds.
  path: Assets/AssedStore - Prefabs/Rowlan/Terrain/Stamps/Examples/Brushes/Islands Volcano 02.brush
  artifactKey: Guid(c9fe75c5d519c6640ac905a5f32ab53a) Importer(815301076,1909f56bfc062723c751e8b465ee728b)
Start importing Assets/AssedStore - Prefabs/Rowlan/Terrain/Stamps/Examples/Brushes/Islands Volcano 02.brush using Guid(c9fe75c5d519c6640ac905a5f32ab53a) Importer(815301076,1909f56bfc062723c751e8b465ee728b) (PreviewImporter) -> (artifact id: '56e6c3898001f635ec865ae8f73ac6b0') in 0.0635146 seconds
Number of updated asset objects reloaded before import = 0Number of asset objects unloaded after import = 2

========================================================================
Received Prepare
Assembly reference Packages/com.unity.cinemachine/Editor/Samples/ExposeHDRPInternals/HDRP-Editor-ref.asmref has no target assembly definition
Assembly reference Packages/com.unity.cinemachine/Editor/Samples/ExposeHDRPInternals/HDRP-Editor-ref.asmref has no target assembly definition
Begin MonoManager ReloadAssembly
- Loaded All Assemblies, in  0.727 seconds
Assembly reference Packages/com.unity.cinemachine/Editor/Samples/ExposeHDRPInternals/HDRP-Editor-ref.asmref has no target assembly definition
'Packages/com.unity.cinemachine/Editor/Obsolete/CinemachineVirtualCameraBaseEditor.cs' contains partial class of Unity.Object, exactly 1 of the partial classes needs to be in a file with the same filename. This is to know the one that can be referenced from ie. GameObjects
'Packages/com.unity.cinemachine/Editor/Editors/CinemachineVirtualCameraBaseEditor.cs' contains partial class of Unity.Object, exactly 1 of the partial classes needs to be in a file with the same filename. This is to know the one that can be referenced from ie. GameObjects
Refreshing native plugins compatible for Editor in 1.22 ms, found 3 plugins.
Native extension for WindowsStandalone target not found
Native extension for WebGL target not found
Assembly reference Packages/com.unity.cinemachine/Editor/Samples/ExposeHDRPInternals/HDRP-Editor-ref.asmref has no target assembly definition
[Package Manager] Failed to launch server process. Reason: Unity was launched with the -noUpm command-line argument
[Package Manager] Unable to send message (not connected to server process).
[Package Manager] Cannot connect to Unity Package Manager local server
System.Exception: Error! Visual Scripting: couldn't find visual scripting package
  at Unity.VisualScripting.PackageVersionUtility.get_version () [0x00025] in .\Library\PackageCache\com.unity.visualscripting@1b53f46e931b\Editor\VisualScripting.Core\Utilities\PackageVersionUtility.cs:22 
  at Unity.VisualScripting.BoltCoreManifest.get_version () [0x00000] in .\Library\PackageCache\com.unity.visualscripting@1b53f46e931b\Editor\VisualScripting.Core\Plugin\BoltCoreManifest.cs:11 
  at Unity.VisualScripting.PluginManifest.get_currentVersion () [0x00000] in .\Library\PackageCache\com.unity.visualscripting@1b53f46e931b\Editor\VisualScripting.Core\Plugins\PluginManifest.cs:33 
  at Unity.VisualScripting.PluginManifest.get_versionMismatch () [0x00000] in .\Library\PackageCache\com.unity.visualscripting@1b53f46e931b\Editor\VisualScripting.Core\Plugins\PluginManifest.cs:48 
  at Unity.VisualScripting.PluginContainer.Initialize () [0x0057d] in .\Library\PackageCache\com.unity.visualscripting@1b53f46e931b\Editor\VisualScripting.Core\Plugins\PluginContainer.cs:208 
  at Unity.VisualScripting.PluginContainer.InitializeOnLoad () [0x00012] in .\Library\PackageCache\com.unity.visualscripting@1b53f46e931b\Editor\VisualScripting.Core\Plugins\PluginContainer.cs:32 
  at Unity.VisualScripting.VSUsageUtility.DoInitializeOnLoadCalls () [0x00044] in .\Library\PackageCache\com.unity.visualscripting@1b53f46e931b\Editor\VisualScripting.Core\Utilities\VSUsageUtility.cs:76 
  at Unity.VisualScripting.VSUsageUtility.set_isVisualScriptingUsed (System.Boolean value) [0x00037] in .\Library\PackageCache\com.unity.visualscripting@1b53f46e931b\Editor\VisualScripting.Core\Utilities\VSUsageUtility.cs:114 
  at Unity.VisualScripting.VSUsageUtility.CheckAndSetIsVisualScriptingUsed () [0x00013] in .\Library\PackageCache\com.unity.visualscripting@1b53f46e931b\Editor\VisualScripting.Core\Utilities\VSUsageUtility.cs:33 
  at Unity.VisualScripting.VSUsageUtility..cctor () [0x0000d] in .\Library\PackageCache\com.unity.visualscripting@1b53f46e931b\Editor\VisualScripting.Core\Utilities\VSUsageUtility.cs:22 
UnityEngine.Debug:ExtractStackTraceNoAlloc (byte*,int,string)
UnityEngine.StackTraceUtility:ExtractStackTrace ()
UnityEngine.DebugLogHandler:Internal_Log (UnityEngine.LogType,UnityEngine.LogOption,string,UnityEngine.Object)
UnityEngine.DebugLogHandler:LogFormat (UnityEngine.LogType,UnityEngine.Object,string,object[])
UnityEngine.Logger:Log (UnityEngine.LogType,object)
UnityEngine.Debug:LogError (object)
UnityEditor.EditorAssemblies:ProcessInitializeOnLoadAttributes (System.Type[])

Mono: successfully reloaded assembly
- Finished resetting the current domain, in  1.506 seconds
Domain Reload Profiling: 2232ms
	BeginReloadAssembly (199ms)
		ExecutionOrderSort (0ms)
		DisableScriptedObjects (4ms)
		BackupInstance (0ms)
		ReleaseScriptingObjects (0ms)
		CreateAndSetChildDomain (56ms)
	RebuildCommonClasses (31ms)
	RebuildNativeTypeToScriptingClass (10ms)
	initialDomainReloadingComplete (28ms)
	LoadAllAssembliesAndSetupDomain (457ms)
		LoadAssemblies (374ms)
		RebuildTransferFunctionScriptingTraits (0ms)
		AnalyzeDomain (172ms)
			TypeCache.Refresh (7ms)
				TypeCache.ScanAssembly (0ms)
			BuildScriptInfoCaches (151ms)
			ResolveRequiredComponents (11ms)
	FinalizeReload (1506ms)
		ReleaseScriptCaches (0ms)
		RebuildScriptCaches (0ms)
		SetupLoadedEditorAssemblies (1037ms)
			LogAssemblyErrors (0ms)
			InitializePlatformSupportModulesInManaged (4ms)
			SetLoadedEditorAssemblies (9ms)
			BeforeProcessingInitializeOnLoad (240ms)
			ProcessInitializeOnLoadAttributes (709ms)
			ProcessInitializeOnLoadMethodAttributes (69ms)
			AfterProcessingInitializeOnLoad (5ms)
			EditorAssembliesLoaded (0ms)
		ExecutionOrderSort2 (0ms)
		AwakeInstancesAfterBackupRestoration (7ms)
Refreshing native plugins compatible for Editor in 1.64 ms, found 3 plugins.
Preloading 0 native plugins for Editor in 0.00 ms.
Unloading 32 Unused Serialized files (Serialized files now loaded: 0)
Unloading 6414 unused Assets / (6.2 MB). Loaded Objects now: 7104.
Memory consumption went from 158.5 MB to 152.3 MB.
Total: 19.644100 ms (FindLiveObjects: 0.602000 ms CreateObjectMapping: 0.590500 ms MarkObjects: 15.027800 ms  DeleteObjects: 3.422200 ms)

Prepare: number of updated asset objects reloaded= 0
========================================================================
Received Prepare
Assembly reference Packages/com.unity.cinemachine/Editor/Samples/ExposeHDRPInternals/HDRP-Editor-ref.asmref has no target assembly definition
Assembly reference Packages/com.unity.cinemachine/Editor/Samples/ExposeHDRPInternals/HDRP-Editor-ref.asmref has no target assembly definition
Begin MonoManager ReloadAssembly
- Loaded All Assemblies, in  0.716 seconds
Assembly reference Packages/com.unity.cinemachine/Editor/Samples/ExposeHDRPInternals/HDRP-Editor-ref.asmref has no target assembly definition
'Packages/com.unity.cinemachine/Editor/Obsolete/CinemachineVirtualCameraBaseEditor.cs' contains partial class of Unity.Object, exactly 1 of the partial classes needs to be in a file with the same filename. This is to know the one that can be referenced from ie. GameObjects
'Packages/com.unity.cinemachine/Editor/Editors/CinemachineVirtualCameraBaseEditor.cs' contains partial class of Unity.Object, exactly 1 of the partial classes needs to be in a file with the same filename. This is to know the one that can be referenced from ie. GameObjects
Refreshing native plugins compatible for Editor in 1.02 ms, found 3 plugins.
Native extension for WindowsStandalone target not found
Native extension for WebGL target not found
Assembly reference Packages/com.unity.cinemachine/Editor/Samples/ExposeHDRPInternals/HDRP-Editor-ref.asmref has no target assembly definition
[Package Manager] Failed to launch server process. Reason: Unity was launched with the -noUpm command-line argument
[Package Manager] Unable to send message (not connected to server process).
[Package Manager] Cannot connect to Unity Package Manager local server
System.Exception: Error! Visual Scripting: couldn't find visual scripting package
  at Unity.VisualScripting.PackageVersionUtility.get_version () [0x00025] in .\Library\PackageCache\com.unity.visualscripting@1b53f46e931b\Editor\VisualScripting.Core\Utilities\PackageVersionUtility.cs:22 
  at Unity.VisualScripting.BoltCoreManifest.get_version () [0x00000] in .\Library\PackageCache\com.unity.visualscripting@1b53f46e931b\Editor\VisualScripting.Core\Plugin\BoltCoreManifest.cs:11 
  at Unity.VisualScripting.PluginManifest.get_currentVersion () [0x00000] in .\Library\PackageCache\com.unity.visualscripting@1b53f46e931b\Editor\VisualScripting.Core\Plugins\PluginManifest.cs:33 
  at Unity.VisualScripting.PluginManifest.get_versionMismatch () [0x00000] in .\Library\PackageCache\com.unity.visualscripting@1b53f46e931b\Editor\VisualScripting.Core\Plugins\PluginManifest.cs:48 
  at Unity.VisualScripting.PluginContainer.Initialize () [0x0057d] in .\Library\PackageCache\com.unity.visualscripting@1b53f46e931b\Editor\VisualScripting.Core\Plugins\PluginContainer.cs:208 
  at Unity.VisualScripting.PluginContainer.InitializeOnLoad () [0x00012] in .\Library\PackageCache\com.unity.visualscripting@1b53f46e931b\Editor\VisualScripting.Core\Plugins\PluginContainer.cs:32 
  at Unity.VisualScripting.VSUsageUtility.DoInitializeOnLoadCalls () [0x00044] in .\Library\PackageCache\com.unity.visualscripting@1b53f46e931b\Editor\VisualScripting.Core\Utilities\VSUsageUtility.cs:76 
  at Unity.VisualScripting.VSUsageUtility.set_isVisualScriptingUsed (System.Boolean value) [0x00037] in .\Library\PackageCache\com.unity.visualscripting@1b53f46e931b\Editor\VisualScripting.Core\Utilities\VSUsageUtility.cs:114 
  at Unity.VisualScripting.VSUsageUtility.CheckAndSetIsVisualScriptingUsed () [0x00013] in .\Library\PackageCache\com.unity.visualscripting@1b53f46e931b\Editor\VisualScripting.Core\Utilities\VSUsageUtility.cs:33 
  at Unity.VisualScripting.VSUsageUtility..cctor () [0x0000d] in .\Library\PackageCache\com.unity.visualscripting@1b53f46e931b\Editor\VisualScripting.Core\Utilities\VSUsageUtility.cs:22 
UnityEngine.Debug:ExtractStackTraceNoAlloc (byte*,int,string)
UnityEngine.StackTraceUtility:ExtractStackTrace ()
UnityEngine.DebugLogHandler:Internal_Log (UnityEngine.LogType,UnityEngine.LogOption,string,UnityEngine.Object)
UnityEngine.DebugLogHandler:LogFormat (UnityEngine.LogType,UnityEngine.Object,string,object[])
UnityEngine.Logger:Log (UnityEngine.LogType,object)
UnityEngine.Debug:LogError (object)
UnityEditor.EditorAssemblies:ProcessInitializeOnLoadAttributes (System.Type[])

Mono: successfully reloaded assembly
- Finished resetting the current domain, in  1.475 seconds
Domain Reload Profiling: 2191ms
	BeginReloadAssembly (203ms)
		ExecutionOrderSort (0ms)
		DisableScriptedObjects (5ms)
		BackupInstance (0ms)
		ReleaseScriptingObjects (0ms)
		CreateAndSetChildDomain (51ms)
	RebuildCommonClasses (29ms)
	RebuildNativeTypeToScriptingClass (11ms)
	initialDomainReloadingComplete (25ms)
	LoadAllAssembliesAndSetupDomain (447ms)
		LoadAssemblies (372ms)
		RebuildTransferFunctionScriptingTraits (0ms)
		AnalyzeDomain (166ms)
			TypeCache.Refresh (8ms)
				TypeCache.ScanAssembly (0ms)
			BuildScriptInfoCaches (144ms)
			ResolveRequiredComponents (10ms)
	FinalizeReload (1475ms)
		ReleaseScriptCaches (0ms)
		RebuildScriptCaches (0ms)
		SetupLoadedEditorAssemblies (980ms)
			LogAssemblyErrors (0ms)
			InitializePlatformSupportModulesInManaged (4ms)
			SetLoadedEditorAssemblies (8ms)
			BeforeProcessingInitializeOnLoad (222ms)
			ProcessInitializeOnLoadAttributes (670ms)
			ProcessInitializeOnLoadMethodAttributes (70ms)
			AfterProcessingInitializeOnLoad (6ms)
			EditorAssembliesLoaded (0ms)
		ExecutionOrderSort2 (0ms)
		AwakeInstancesAfterBackupRestoration (6ms)
Refreshing native plugins compatible for Editor in 1.78 ms, found 3 plugins.
Preloading 0 native plugins for Editor in 0.00 ms.
Unloading 32 Unused Serialized files (Serialized files now loaded: 0)
Unloading 6414 unused Assets / (5.8 MB). Loaded Objects now: 7107.
Memory consumption went from 158.5 MB to 152.7 MB.
Total: 21.519800 ms (FindLiveObjects: 0.787100 ms CreateObjectMapping: 0.580400 ms MarkObjects: 17.231500 ms  DeleteObjects: 2.918500 ms)

Prepare: number of updated asset objects reloaded= 0
========================================================================
Received Prepare
Assembly reference Packages/com.unity.cinemachine/Editor/Samples/ExposeHDRPInternals/HDRP-Editor-ref.asmref has no target assembly definition
Assembly reference Packages/com.unity.cinemachine/Editor/Samples/ExposeHDRPInternals/HDRP-Editor-ref.asmref has no target assembly definition
Begin MonoManager ReloadAssembly
- Loaded All Assemblies, in  0.686 seconds
Assembly reference Packages/com.unity.cinemachine/Editor/Samples/ExposeHDRPInternals/HDRP-Editor-ref.asmref has no target assembly definition
'Packages/com.unity.cinemachine/Editor/Obsolete/CinemachineVirtualCameraBaseEditor.cs' contains partial class of Unity.Object, exactly 1 of the partial classes needs to be in a file with the same filename. This is to know the one that can be referenced from ie. GameObjects
'Packages/com.unity.cinemachine/Editor/Editors/CinemachineVirtualCameraBaseEditor.cs' contains partial class of Unity.Object, exactly 1 of the partial classes needs to be in a file with the same filename. This is to know the one that can be referenced from ie. GameObjects
Refreshing native plugins compatible for Editor in 1.17 ms, found 3 plugins.
Native extension for WindowsStandalone target not found
Native extension for WebGL target not found
Assembly reference Packages/com.unity.cinemachine/Editor/Samples/ExposeHDRPInternals/HDRP-Editor-ref.asmref has no target assembly definition
[Package Manager] Failed to launch server process. Reason: Unity was launched with the -noUpm command-line argument
[Package Manager] Unable to send message (not connected to server process).
[Package Manager] Cannot connect to Unity Package Manager local server
System.Exception: Error! Visual Scripting: couldn't find visual scripting package
  at Unity.VisualScripting.PackageVersionUtility.get_version () [0x00025] in .\Library\PackageCache\com.unity.visualscripting@1b53f46e931b\Editor\VisualScripting.Core\Utilities\PackageVersionUtility.cs:22 
  at Unity.VisualScripting.BoltCoreManifest.get_version () [0x00000] in .\Library\PackageCache\com.unity.visualscripting@1b53f46e931b\Editor\VisualScripting.Core\Plugin\BoltCoreManifest.cs:11 
  at Unity.VisualScripting.PluginManifest.get_currentVersion () [0x00000] in .\Library\PackageCache\com.unity.visualscripting@1b53f46e931b\Editor\VisualScripting.Core\Plugins\PluginManifest.cs:33 
  at Unity.VisualScripting.PluginManifest.get_versionMismatch () [0x00000] in .\Library\PackageCache\com.unity.visualscripting@1b53f46e931b\Editor\VisualScripting.Core\Plugins\PluginManifest.cs:48 
  at Unity.VisualScripting.PluginContainer.Initialize () [0x0057d] in .\Library\PackageCache\com.unity.visualscripting@1b53f46e931b\Editor\VisualScripting.Core\Plugins\PluginContainer.cs:208 
  at Unity.VisualScripting.PluginContainer.InitializeOnLoad () [0x00012] in .\Library\PackageCache\com.unity.visualscripting@1b53f46e931b\Editor\VisualScripting.Core\Plugins\PluginContainer.cs:32 
  at Unity.VisualScripting.VSUsageUtility.DoInitializeOnLoadCalls () [0x00044] in .\Library\PackageCache\com.unity.visualscripting@1b53f46e931b\Editor\VisualScripting.Core\Utilities\VSUsageUtility.cs:76 
  at Unity.VisualScripting.VSUsageUtility.set_isVisualScriptingUsed (System.Boolean value) [0x00037] in .\Library\PackageCache\com.unity.visualscripting@1b53f46e931b\Editor\VisualScripting.Core\Utilities\VSUsageUtility.cs:114 
  at Unity.VisualScripting.VSUsageUtility.CheckAndSetIsVisualScriptingUsed () [0x00013] in .\Library\PackageCache\com.unity.visualscripting@1b53f46e931b\Editor\VisualScripting.Core\Utilities\VSUsageUtility.cs:33 
  at Unity.VisualScripting.VSUsageUtility..cctor () [0x0000d] in .\Library\PackageCache\com.unity.visualscripting@1b53f46e931b\Editor\VisualScripting.Core\Utilities\VSUsageUtility.cs:22 
UnityEngine.Debug:ExtractStackTraceNoAlloc (byte*,int,string)
UnityEngine.StackTraceUtility:ExtractStackTrace ()
UnityEngine.DebugLogHandler:Internal_Log (UnityEngine.LogType,UnityEngine.LogOption,string,UnityEngine.Object)
UnityEngine.DebugLogHandler:LogFormat (UnityEngine.LogType,UnityEngine.Object,string,object[])
UnityEngine.Logger:Log (UnityEngine.LogType,object)
UnityEngine.Debug:LogError (object)
UnityEditor.EditorAssemblies:ProcessInitializeOnLoadAttributes (System.Type[])

Mono: successfully reloaded assembly
- Finished resetting the current domain, in  1.496 seconds
Domain Reload Profiling: 2183ms
	BeginReloadAssembly (203ms)
		ExecutionOrderSort (0ms)
		DisableScriptedObjects (5ms)
		BackupInstance (0ms)
		ReleaseScriptingObjects (0ms)
		CreateAndSetChildDomain (46ms)
	RebuildCommonClasses (32ms)
	RebuildNativeTypeToScriptingClass (10ms)
	initialDomainReloadingComplete (25ms)
	LoadAllAssembliesAndSetupDomain (416ms)
		LoadAssemblies (353ms)
		RebuildTransferFunctionScriptingTraits (0ms)
		AnalyzeDomain (165ms)
			TypeCache.Refresh (13ms)
				TypeCache.ScanAssembly (0ms)
			BuildScriptInfoCaches (138ms)
			ResolveRequiredComponents (11ms)
	FinalizeReload (1497ms)
		ReleaseScriptCaches (0ms)
		RebuildScriptCaches (0ms)
		SetupLoadedEditorAssemblies (1030ms)
			LogAssemblyErrors (0ms)
			InitializePlatformSupportModulesInManaged (5ms)
			SetLoadedEditorAssemblies (10ms)
			BeforeProcessingInitializeOnLoad (228ms)
			ProcessInitializeOnLoadAttributes (710ms)
			ProcessInitializeOnLoadMethodAttributes (71ms)
			AfterProcessingInitializeOnLoad (5ms)
			EditorAssembliesLoaded (0ms)
		ExecutionOrderSort2 (0ms)
		AwakeInstancesAfterBackupRestoration (6ms)
Refreshing native plugins compatible for Editor in 1.20 ms, found 3 plugins.
Preloading 0 native plugins for Editor in 0.00 ms.
Unloading 32 Unused Serialized files (Serialized files now loaded: 0)
Unloading 6414 unused Assets / (6.6 MB). Loaded Objects now: 7110.
Memory consumption went from 158.5 MB to 152.0 MB.
Total: 19.132100 ms (FindLiveObjects: 0.946600 ms CreateObjectMapping: 0.658700 ms MarkObjects: 14.369900 ms  DeleteObjects: 3.155200 ms)

Prepare: number of updated asset objects reloaded= 0
========================================================================
Received Import Request.
  Time since last request: 1777.663135 seconds.
  path: Assets/AssedStore - Prefabs/LowpolyStyle/Shared Materials and Textures/Materials
  artifactKey: Guid(3dab875337fb71e41b39deb4594e29c7) Importer(815301076,1909f56bfc062723c751e8b465ee728b)
Start importing Assets/AssedStore - Prefabs/LowpolyStyle/Shared Materials and Textures/Materials using Guid(3dab875337fb71e41b39deb4594e29c7) Importer(815301076,1909f56bfc062723c751e8b465ee728b) (PreviewImporter) -> (artifact id: '991ba2a92744fb93265aee3710c454a5') in 0.0836341 seconds
Number of updated asset objects reloaded before import = 0Number of asset objects unloaded after import = 0

========================================================================
Received Import Request.
  Time since last request: 28.603881 seconds.
  path: Assets/AssedStore - Prefabs/LowpolyStyle/Alpine Woodland/DemoScene/Materials
  artifactKey: Guid(7b325c0ec6e19424bba1cd83c1304501) Importer(815301076,1909f56bfc062723c751e8b465ee728b)
Start importing Assets/AssedStore - Prefabs/LowpolyStyle/Alpine Woodland/DemoScene/Materials using Guid(7b325c0ec6e19424bba1cd83c1304501) Importer(815301076,1909f56bfc062723c751e8b465ee728b) (PreviewImporter) -> (artifact id: 'f26bda5c4732ac451938978f70d2ac48') in 0.0006445 seconds
Number of updated asset objects reloaded before import = 0Number of asset objects unloaded after import = 0

========================================================================
Received Prepare
Assembly reference Packages/com.unity.cinemachine/Editor/Samples/ExposeHDRPInternals/HDRP-Editor-ref.asmref has no target assembly definition
Assembly reference Packages/com.unity.cinemachine/Editor/Samples/ExposeHDRPInternals/HDRP-Editor-ref.asmref has no target assembly definition
Begin MonoManager ReloadAssembly
- Loaded All Assemblies, in  0.760 seconds
Assembly reference Packages/com.unity.cinemachine/Editor/Samples/ExposeHDRPInternals/HDRP-Editor-ref.asmref has no target assembly definition
'Packages/com.unity.cinemachine/Editor/Obsolete/CinemachineVirtualCameraBaseEditor.cs' contains partial class of Unity.Object, exactly 1 of the partial classes needs to be in a file with the same filename. This is to know the one that can be referenced from ie. GameObjects
'Packages/com.unity.cinemachine/Editor/Editors/CinemachineVirtualCameraBaseEditor.cs' contains partial class of Unity.Object, exactly 1 of the partial classes needs to be in a file with the same filename. This is to know the one that can be referenced from ie. GameObjects
Refreshing native plugins compatible for Editor in 1.05 ms, found 3 plugins.
Native extension for WindowsStandalone target not found
Native extension for WebGL target not found
Assembly reference Packages/com.unity.cinemachine/Editor/Samples/ExposeHDRPInternals/HDRP-Editor-ref.asmref has no target assembly definition
[Package Manager] Failed to launch server process. Reason: Unity was launched with the -noUpm command-line argument
[Package Manager] Unable to send message (not connected to server process).
[Package Manager] Cannot connect to Unity Package Manager local server
System.Exception: Error! Visual Scripting: couldn't find visual scripting package
  at Unity.VisualScripting.PackageVersionUtility.get_version () [0x00025] in .\Library\PackageCache\com.unity.visualscripting@1b53f46e931b\Editor\VisualScripting.Core\Utilities\PackageVersionUtility.cs:22 
  at Unity.VisualScripting.BoltCoreManifest.get_version () [0x00000] in .\Library\PackageCache\com.unity.visualscripting@1b53f46e931b\Editor\VisualScripting.Core\Plugin\BoltCoreManifest.cs:11 
  at Unity.VisualScripting.PluginManifest.get_currentVersion () [0x00000] in .\Library\PackageCache\com.unity.visualscripting@1b53f46e931b\Editor\VisualScripting.Core\Plugins\PluginManifest.cs:33 
  at Unity.VisualScripting.PluginManifest.get_versionMismatch () [0x00000] in .\Library\PackageCache\com.unity.visualscripting@1b53f46e931b\Editor\VisualScripting.Core\Plugins\PluginManifest.cs:48 
  at Unity.VisualScripting.PluginContainer.Initialize () [0x0057d] in .\Library\PackageCache\com.unity.visualscripting@1b53f46e931b\Editor\VisualScripting.Core\Plugins\PluginContainer.cs:208 
  at Unity.VisualScripting.PluginContainer.InitializeOnLoad () [0x00012] in .\Library\PackageCache\com.unity.visualscripting@1b53f46e931b\Editor\VisualScripting.Core\Plugins\PluginContainer.cs:32 
  at Unity.VisualScripting.VSUsageUtility.DoInitializeOnLoadCalls () [0x00044] in .\Library\PackageCache\com.unity.visualscripting@1b53f46e931b\Editor\VisualScripting.Core\Utilities\VSUsageUtility.cs:76 
  at Unity.VisualScripting.VSUsageUtility.set_isVisualScriptingUsed (System.Boolean value) [0x00037] in .\Library\PackageCache\com.unity.visualscripting@1b53f46e931b\Editor\VisualScripting.Core\Utilities\VSUsageUtility.cs:114 
  at Unity.VisualScripting.VSUsageUtility.CheckAndSetIsVisualScriptingUsed () [0x00013] in .\Library\PackageCache\com.unity.visualscripting@1b53f46e931b\Editor\VisualScripting.Core\Utilities\VSUsageUtility.cs:33 
  at Unity.VisualScripting.VSUsageUtility..cctor () [0x0000d] in .\Library\PackageCache\com.unity.visualscripting@1b53f46e931b\Editor\VisualScripting.Core\Utilities\VSUsageUtility.cs:22 
UnityEngine.Debug:ExtractStackTraceNoAlloc (byte*,int,string)
UnityEngine.StackTraceUtility:ExtractStackTrace ()
UnityEngine.DebugLogHandler:Internal_Log (UnityEngine.LogType,UnityEngine.LogOption,string,UnityEngine.Object)
UnityEngine.DebugLogHandler:LogFormat (UnityEngine.LogType,UnityEngine.Object,string,object[])
UnityEngine.Logger:Log (UnityEngine.LogType,object)
UnityEngine.Debug:LogError (object)
UnityEditor.EditorAssemblies:ProcessInitializeOnLoadAttributes (System.Type[])

Mono: successfully reloaded assembly
- Finished resetting the current domain, in  1.506 seconds
Domain Reload Profiling: 2266ms
	BeginReloadAssembly (202ms)
		ExecutionOrderSort (0ms)
		DisableScriptedObjects (4ms)
		BackupInstance (0ms)
		ReleaseScriptingObjects (0ms)
		CreateAndSetChildDomain (53ms)
	RebuildCommonClasses (30ms)
	RebuildNativeTypeToScriptingClass (10ms)
	initialDomainReloadingComplete (25ms)
	LoadAllAssembliesAndSetupDomain (493ms)
		LoadAssemblies (398ms)
		RebuildTransferFunctionScriptingTraits (0ms)
		AnalyzeDomain (186ms)
			TypeCache.Refresh (6ms)
				TypeCache.ScanAssembly (0ms)
			BuildScriptInfoCaches (152ms)
			ResolveRequiredComponents (22ms)
	FinalizeReload (1506ms)
		ReleaseScriptCaches (0ms)
		RebuildScriptCaches (0ms)
		SetupLoadedEditorAssemblies (1036ms)
			LogAssemblyErrors (0ms)
			InitializePlatformSupportModulesInManaged (4ms)
			SetLoadedEditorAssemblies (7ms)
			BeforeProcessingInitializeOnLoad (218ms)
			ProcessInitializeOnLoadAttributes (734ms)
			ProcessInitializeOnLoadMethodAttributes (68ms)
			AfterProcessingInitializeOnLoad (5ms)
			EditorAssembliesLoaded (0ms)
		ExecutionOrderSort2 (0ms)
		AwakeInstancesAfterBackupRestoration (7ms)
Refreshing native plugins compatible for Editor in 1.63 ms, found 3 plugins.
Preloading 0 native plugins for Editor in 0.00 ms.
Unloading 32 Unused Serialized files (Serialized files now loaded: 0)
Unloading 6414 unused Assets / (6.8 MB). Loaded Objects now: 7113.
Memory consumption went from 158.5 MB to 151.7 MB.
Total: 19.112400 ms (FindLiveObjects: 0.650100 ms CreateObjectMapping: 0.712800 ms MarkObjects: 13.563300 ms  DeleteObjects: 4.184200 ms)

Prepare: number of updated asset objects reloaded= 0
========================================================================
Received Prepare
Assembly reference Packages/com.unity.cinemachine/Editor/Samples/ExposeHDRPInternals/HDRP-Editor-ref.asmref has no target assembly definition
Assembly reference Packages/com.unity.cinemachine/Editor/Samples/ExposeHDRPInternals/HDRP-Editor-ref.asmref has no target assembly definition
Begin MonoManager ReloadAssembly
- Loaded All Assemblies, in  0.676 seconds
Assembly reference Packages/com.unity.cinemachine/Editor/Samples/ExposeHDRPInternals/HDRP-Editor-ref.asmref has no target assembly definition
'Packages/com.unity.cinemachine/Editor/Obsolete/CinemachineVirtualCameraBaseEditor.cs' contains partial class of Unity.Object, exactly 1 of the partial classes needs to be in a file with the same filename. This is to know the one that can be referenced from ie. GameObjects
'Packages/com.unity.cinemachine/Editor/Editors/CinemachineVirtualCameraBaseEditor.cs' contains partial class of Unity.Object, exactly 1 of the partial classes needs to be in a file with the same filename. This is to know the one that can be referenced from ie. GameObjects
Refreshing native plugins compatible for Editor in 2.38 ms, found 3 plugins.
Native extension for WindowsStandalone target not found
Native extension for WebGL target not found
Assembly reference Packages/com.unity.cinemachine/Editor/Samples/ExposeHDRPInternals/HDRP-Editor-ref.asmref has no target assembly definition
[Package Manager] Failed to launch server process. Reason: Unity was launched with the -noUpm command-line argument
[Package Manager] Unable to send message (not connected to server process).
[Package Manager] Cannot connect to Unity Package Manager local server
System.Exception: Error! Visual Scripting: couldn't find visual scripting package
  at Unity.VisualScripting.PackageVersionUtility.get_version () [0x00025] in .\Library\PackageCache\com.unity.visualscripting@1b53f46e931b\Editor\VisualScripting.Core\Utilities\PackageVersionUtility.cs:22 
  at Unity.VisualScripting.BoltCoreManifest.get_version () [0x00000] in .\Library\PackageCache\com.unity.visualscripting@1b53f46e931b\Editor\VisualScripting.Core\Plugin\BoltCoreManifest.cs:11 
  at Unity.VisualScripting.PluginManifest.get_currentVersion () [0x00000] in .\Library\PackageCache\com.unity.visualscripting@1b53f46e931b\Editor\VisualScripting.Core\Plugins\PluginManifest.cs:33 
  at Unity.VisualScripting.PluginManifest.get_versionMismatch () [0x00000] in .\Library\PackageCache\com.unity.visualscripting@1b53f46e931b\Editor\VisualScripting.Core\Plugins\PluginManifest.cs:48 
  at Unity.VisualScripting.PluginContainer.Initialize () [0x0057d] in .\Library\PackageCache\com.unity.visualscripting@1b53f46e931b\Editor\VisualScripting.Core\Plugins\PluginContainer.cs:208 
  at Unity.VisualScripting.PluginContainer.InitializeOnLoad () [0x00012] in .\Library\PackageCache\com.unity.visualscripting@1b53f46e931b\Editor\VisualScripting.Core\Plugins\PluginContainer.cs:32 
  at Unity.VisualScripting.VSUsageUtility.DoInitializeOnLoadCalls () [0x00044] in .\Library\PackageCache\com.unity.visualscripting@1b53f46e931b\Editor\VisualScripting.Core\Utilities\VSUsageUtility.cs:76 
  at Unity.VisualScripting.VSUsageUtility.set_isVisualScriptingUsed (System.Boolean value) [0x00037] in .\Library\PackageCache\com.unity.visualscripting@1b53f46e931b\Editor\VisualScripting.Core\Utilities\VSUsageUtility.cs:114 
  at Unity.VisualScripting.VSUsageUtility.CheckAndSetIsVisualScriptingUsed () [0x00013] in .\Library\PackageCache\com.unity.visualscripting@1b53f46e931b\Editor\VisualScripting.Core\Utilities\VSUsageUtility.cs:33 
  at Unity.VisualScripting.VSUsageUtility..cctor () [0x0000d] in .\Library\PackageCache\com.unity.visualscripting@1b53f46e931b\Editor\VisualScripting.Core\Utilities\VSUsageUtility.cs:22 
UnityEngine.Debug:ExtractStackTraceNoAlloc (byte*,int,string)
UnityEngine.StackTraceUtility:ExtractStackTrace ()
UnityEngine.DebugLogHandler:Internal_Log (UnityEngine.LogType,UnityEngine.LogOption,string,UnityEngine.Object)
UnityEngine.DebugLogHandler:LogFormat (UnityEngine.LogType,UnityEngine.Object,string,object[])
UnityEngine.Logger:Log (UnityEngine.LogType,object)
UnityEngine.Debug:LogError (object)
UnityEditor.EditorAssemblies:ProcessInitializeOnLoadAttributes (System.Type[])

Mono: successfully reloaded assembly
- Finished resetting the current domain, in  1.510 seconds
Domain Reload Profiling: 2186ms
	BeginReloadAssembly (189ms)
		ExecutionOrderSort (0ms)
		DisableScriptedObjects (5ms)
		BackupInstance (0ms)
		ReleaseScriptingObjects (0ms)
		CreateAndSetChildDomain (47ms)
	RebuildCommonClasses (29ms)
	RebuildNativeTypeToScriptingClass (11ms)
	initialDomainReloadingComplete (24ms)
	LoadAllAssembliesAndSetupDomain (423ms)
		LoadAssemblies (344ms)
		RebuildTransferFunctionScriptingTraits (0ms)
		AnalyzeDomain (165ms)
			TypeCache.Refresh (8ms)
				TypeCache.ScanAssembly (0ms)
			BuildScriptInfoCaches (143ms)
			ResolveRequiredComponents (11ms)
	FinalizeReload (1510ms)
		ReleaseScriptCaches (0ms)
		RebuildScriptCaches (0ms)
		SetupLoadedEditorAssemblies (1020ms)
			LogAssemblyErrors (0ms)
			InitializePlatformSupportModulesInManaged (4ms)
			SetLoadedEditorAssemblies (5ms)
			BeforeProcessingInitializeOnLoad (206ms)
			ProcessInitializeOnLoadAttributes (719ms)
			ProcessInitializeOnLoadMethodAttributes (80ms)
			AfterProcessingInitializeOnLoad (6ms)
			EditorAssembliesLoaded (1ms)
		ExecutionOrderSort2 (0ms)
		AwakeInstancesAfterBackupRestoration (7ms)
Refreshing native plugins compatible for Editor in 1.25 ms, found 3 plugins.
Preloading 0 native plugins for Editor in 0.00 ms.
Unloading 32 Unused Serialized files (Serialized files now loaded: 0)
Unloading 6414 unused Assets / (6.4 MB). Loaded Objects now: 7116.
Memory consumption went from 158.5 MB to 152.2 MB.
Total: 20.670500 ms (FindLiveObjects: 0.749900 ms CreateObjectMapping: 0.726500 ms MarkObjects: 16.031100 ms  DeleteObjects: 3.161600 ms)

Prepare: number of updated asset objects reloaded= 0
========================================================================
Received Import Request.
  Time since last request: 219.595843 seconds.
  path: Assets/AssedStore - Prefabs/LowpolyStyle/Shared FBX Meshes/GrassCliff.fbx
  artifactKey: Guid(4a5a284124fbb704b9b1a375fec3a22d) Importer(815301076,1909f56bfc062723c751e8b465ee728b)
Start importing Assets/AssedStore - Prefabs/LowpolyStyle/Shared FBX Meshes/GrassCliff.fbx using Guid(4a5a284124fbb704b9b1a375fec3a22d) Importer(815301076,1909f56bfc062723c751e8b465ee728b) (PreviewImporter) -> (artifact id: '081ad32e02c034af06c80ef5d475f917') in 0.1608609 seconds
Number of updated asset objects reloaded before import = 0Number of asset objects unloaded after import = 9

========================================================================
Received Import Request.
  Time since last request: 1.413440 seconds.
  path: Assets/AssedStore - Prefabs/LowpolyStyle/Shared FBX Meshes/DistantBackgroundMountains.fbx
  artifactKey: Guid(68ab19696e3f289438257d1dd860b672) Importer(815301076,1909f56bfc062723c751e8b465ee728b)
Start importing Assets/AssedStore - Prefabs/LowpolyStyle/Shared FBX Meshes/DistantBackgroundMountains.fbx using Guid(68ab19696e3f289438257d1dd860b672) Importer(815301076,1909f56bfc062723c751e8b465ee728b) (PreviewImporter) -> (artifact id: 'd2356d78b44693797bd355815961f94a') in 0.0259942 seconds
Number of updated asset objects reloaded before import = 0Number of asset objects unloaded after import = 7

========================================================================
Received Import Request.
  Time since last request: 0.015922 seconds.
  path: Assets/AssedStore - Prefabs/LowpolyStyle/Shared FBX Meshes/DoubleRockShape_High.fbx
  artifactKey: Guid(aec763d38034de5449022359da899e72) Importer(815301076,1909f56bfc062723c751e8b465ee728b)
Start importing Assets/AssedStore - Prefabs/LowpolyStyle/Shared FBX Meshes/DoubleRockShape_High.fbx using Guid(aec763d38034de5449022359da899e72) Importer(815301076,1909f56bfc062723c751e8b465ee728b) (PreviewImporter) -> (artifact id: '6340e873908d743b232674cf18109eeb') in 0.0326913 seconds
Number of updated asset objects reloaded before import = 0Number of asset objects unloaded after import = 7

========================================================================
Received Import Request.
  Time since last request: 0.000116 seconds.
  path: Assets/AssedStore - Prefabs/LowpolyStyle/Shared FBX Meshes/Fence1.fbx
  artifactKey: Guid(f3fc53413bbf70541b2393225fc54970) Importer(815301076,1909f56bfc062723c751e8b465ee728b)
Start importing Assets/AssedStore - Prefabs/LowpolyStyle/Shared FBX Meshes/Fence1.fbx using Guid(f3fc53413bbf70541b2393225fc54970) Importer(815301076,1909f56bfc062723c751e8b465ee728b) (PreviewImporter) -> (artifact id: 'f70f126d6487445744e15423fab471a7') in 0.0256326 seconds
Number of updated asset objects reloaded before import = 0Number of asset objects unloaded after import = 7

========================================================================
Received Import Request.
  Time since last request: 0.000020 seconds.
  path: Assets/AssedStore - Prefabs/LowpolyStyle/Shared FBX Meshes/IceFloeLow.fbx
  artifactKey: Guid(1836d35f907c7b04daee14d0239e90ce) Importer(815301076,1909f56bfc062723c751e8b465ee728b)
Start importing Assets/AssedStore - Prefabs/LowpolyStyle/Shared FBX Meshes/IceFloeLow.fbx using Guid(1836d35f907c7b04daee14d0239e90ce) Importer(815301076,1909f56bfc062723c751e8b465ee728b) (PreviewImporter) -> (artifact id: '33bd11a8607a5e4d1c9f0bf34f2a7888') in 0.0280276 seconds
Number of updated asset objects reloaded before import = 0Number of asset objects unloaded after import = 7

========================================================================
Received Import Request.
  Time since last request: 0.000017 seconds.
  path: Assets/AssedStore - Prefabs/LowpolyStyle/Shared FBX Meshes/IceBerg.fbx
  artifactKey: Guid(dbd1831d037bfa8499e607fa786bbdf7) Importer(815301076,1909f56bfc062723c751e8b465ee728b)
Start importing Assets/AssedStore - Prefabs/LowpolyStyle/Shared FBX Meshes/IceBerg.fbx using Guid(dbd1831d037bfa8499e607fa786bbdf7) Importer(815301076,1909f56bfc062723c751e8b465ee728b) (PreviewImporter) -> (artifact id: '11600cc77d23e310ee96441701aba11e') in 0.028454 seconds
Number of updated asset objects reloaded before import = 0Number of asset objects unloaded after import = 7

========================================================================
Received Import Request.
  Time since last request: 0.000015 seconds.
  path: Assets/AssedStore - Prefabs/LowpolyStyle/Shared FBX Meshes/House2.fbx
  artifactKey: Guid(7afae95b2e6e8e1428f4d112f94ecd70) Importer(815301076,1909f56bfc062723c751e8b465ee728b)
Start importing Assets/AssedStore - Prefabs/LowpolyStyle/Shared FBX Meshes/House2.fbx using Guid(7afae95b2e6e8e1428f4d112f94ecd70) Importer(815301076,1909f56bfc062723c751e8b465ee728b) (PreviewImporter) -> (artifact id: '20f72ea8576d956bcf93112ca7c22122') in 0.026999 seconds
Number of updated asset objects reloaded before import = 0Number of asset objects unloaded after import = 7

========================================================================
Received Import Request.
  Time since last request: 0.000017 seconds.
  path: Assets/AssedStore - Prefabs/LowpolyStyle/Shared FBX Meshes/GlacierWall.fbx
  artifactKey: Guid(092704c8d7e315e4893bf31ce9ab5748) Importer(815301076,1909f56bfc062723c751e8b465ee728b)
Start importing Assets/AssedStore - Prefabs/LowpolyStyle/Shared FBX Meshes/GlacierWall.fbx using Guid(092704c8d7e315e4893bf31ce9ab5748) Importer(815301076,1909f56bfc062723c751e8b465ee728b) (PreviewImporter) -> (artifact id: 'afc05ebb8b3ebe870d65fd55936f421a') in 0.024746 seconds
Number of updated asset objects reloaded before import = 0Number of asset objects unloaded after import = 7

========================================================================
Received Import Request.
  Time since last request: 0.000017 seconds.
  path: Assets/AssedStore - Prefabs/LowpolyStyle/Shared FBX Meshes/GrassHillFlat.fbx
  artifactKey: Guid(7fe919ceb6d6ab041be42bda1110b68d) Importer(815301076,1909f56bfc062723c751e8b465ee728b)
Start importing Assets/AssedStore - Prefabs/LowpolyStyle/Shared FBX Meshes/GrassHillFlat.fbx using Guid(7fe919ceb6d6ab041be42bda1110b68d) Importer(815301076,1909f56bfc062723c751e8b465ee728b) (PreviewImporter) -> (artifact id: '09bfce35cb96d3638847e98e0f44a407') in 0.0293273 seconds
Number of updated asset objects reloaded before import = 0Number of asset objects unloaded after import = 9

========================================================================
Received Import Request.
  Time since last request: 0.000017 seconds.
  path: Assets/AssedStore - Prefabs/LowpolyStyle/Shared FBX Meshes/House1.fbx
  artifactKey: Guid(9c235a1bbdc735843af8152e3fb4808a) Importer(815301076,1909f56bfc062723c751e8b465ee728b)
Start importing Assets/AssedStore - Prefabs/LowpolyStyle/Shared FBX Meshes/House1.fbx using Guid(9c235a1bbdc735843af8152e3fb4808a) Importer(815301076,1909f56bfc062723c751e8b465ee728b) (PreviewImporter) -> (artifact id: '8ef91c7d56b19e62987c9280efdf41f1') in 0.0267924 seconds
Number of updated asset objects reloaded before import = 0Number of asset objects unloaded after import = 7

Editor requested this worker to shutdown with reason: Scaling down because of idle timeout
AssetImportWorker is now disconnected from the server
Process exiting
Exiting without the bug reporter. Application will terminate with return code 0